appid,timestamp,player_count
1808500,2025-11-09 06:39:10,380558
1808500,2025-11-09 07:01:36,369906
1808500,2025-11-09 08:01:07,336421
1808500,2025-11-09 09:01:33,338523
1808500,2025-11-09 10:01:30,348229
1808500,2025-11-09 11:01:30,343753
1808500,2025-11-09 12:00:52,327431
1808500,2025-11-09 13:01:37,293786
1808500,2025-11-09 14:01:30,254030
1808500,2025-11-09 15:01:30,217621
1808500,2025-11-09 16:01:28,202660
1808500,2025-11-09 17:01:28,202020
1808500,2025-11-09 18:01:01,212042
1808500,2025-11-09 19:01:35,225095
1808500,2025-11-09 20:01:39,257719
1808500,2025-11-09 21:01:29,289388
1808500,2025-11-09 22:01:30,317956
1808500,2025-11-09 23:00:30,344341
1808500,2025-11-10 00:01:32,364703
1808500,2025-11-10 01:01:36,389614
1808500,2025-11-10 02:01:37,423720
1808500,2025-11-10 03:00:31,455951
1808500,2025-11-10 04:01:33,459483
1808500,2025-11-10 05:01:32,437304
1808500,2025-11-10 06:01:37,401248
1808500,2025-11-10 07:01:21,371585
1808500,2025-11-10 08:01:48,359077
1808500,2025-11-10 09:00:28,351111
1808500,2025-11-10 10:01:32,333772
1808500,2025-11-10 11:01:32,299332
1808500,2025-11-10 12:00:51,258349
1808500,2025-11-10 13:01:37,214308
1808500,2025-11-10 14:01:22,179986
1808500,2025-11-10 15:01:34,157382
1808500,2025-11-10 16:01:29,147307
1808500,2025-11-10 17:00:33,148880
1808500,2025-11-10 18:00:59,157909
1808500,2025-11-10 19:01:37,170056
1808500,2025-11-10 20:01:29,188864
1808500,2025-11-10 21:01:23,209517
1808500,2025-11-10 22:01:35,229914
1808500,2025-11-10 23:01:42,253250
1808500,2025-11-11 00:01:04,283017
1808500,2025-11-11 01:01:39,316330
1808500,2025-11-11 02:01:19,346487
1808500,2025-11-11 03:00:40,375126
1808500,2025-11-11 04:01:35,382346
1808500,2025-11-11 05:01:33,370489
1808500,2025-11-11 06:01:41,350405
1808500,2025-11-11 07:01:22,339115
1808500,2025-11-11 08:01:47,340474
1808500,2025-11-11 09:01:32,343770
1808500,2025-11-11 10:00:46,337172
1808500,2025-11-11 11:00:35,308911
1808500,2025-11-11 12:01:36,272194
1808500,2025-11-11 13:01:32,227061
1808500,2025-11-11 14:01:27,190551
1808500,2025-11-11 15:00:48,164146
1808500,2025-11-11 16:01:33,153455
1808500,2025-11-11 17:01:29,155921
1808500,2025-11-11 18:00:29,164546
1808500,2025-11-11 19:01:21,176216
1808500,2025-11-11 20:01:34,198199
1808500,2025-11-11 21:02:09,222229
1808500,2025-11-11 22:01:36,243950
1808500,2025-11-11 23:01:34,269891
1808500,2025-11-12 00:01:39,299115
1808500,2025-11-12 01:02:26,329918
1808500,2025-11-12 02:01:30,360748
1808500,2025-11-12 03:02:34,389362
1808500,2025-11-12 04:00:30,391604
1808500,2025-11-12 05:00:56,371100
1808500,2025-11-12 06:00:36,344565
1808500,2025-11-12 07:00:59,329548
1808500,2025-11-12 08:00:29,333895
1808500,2025-11-12 09:01:34,338610
1808500,2025-11-12 10:01:44,329443
1808500,2025-11-12 11:01:09,295807
1808500,2025-11-12 12:01:34,255467
1808500,2025-11-12 13:01:29,209850
1808500,2025-11-12 14:01:32,173563
1808500,2025-11-12 15:00:37,149690
1808500,2025-11-12 16:01:39,140675
1808500,2025-11-12 17:01:35,142205
1808500,2025-11-12 18:01:33,149349
1808500,2025-11-12 19:01:30,159043
1808500,2025-11-12 20:01:34,176425
1808500,2025-11-12 21:00:53,196183
1808500,2025-11-12 22:01:37,214858
1808500,2025-11-12 23:00:57,236519
1808500,2025-11-13 00:00:54,264975
2592160,2025-11-06 23:01:49,32734
2592160,2025-11-07 00:01:45,34611
2592160,2025-11-07 01:01:38,36774
2592160,2025-11-07 02:01:10,38191
2592160,2025-11-07 03:01:42,39224
2592160,2025-11-07 04:01:37,39170
2592160,2025-11-07 05:01:38,39147
2592160,2025-11-07 06:01:37,38315
2592160,2025-11-07 07:02:41,38543
2592160,2025-11-07 08:00:37,39515
2592160,2025-11-07 09:01:15,39983
2592160,2025-11-07 10:01:39,38944
2592160,2025-11-07 11:01:43,35944
2592160,2025-11-07 12:00:36,31579
2592160,2025-11-07 13:01:39,26766
2592160,2025-11-07 14:01:51,22553
2592160,2025-11-07 15:01:35,19512
2592160,2025-11-07 16:01:46,17359
2592160,2025-11-07 17:01:46,16461
2592160,2025-11-07 18:01:35,16483
2592160,2025-11-07 19:01:06,16908
2592160,2025-11-07 20:01:32,17953
2592160,2025-11-07 21:01:34,19907
2592160,2025-11-07 22:02:00,21863
2592160,2025-11-07 23:01:13,23929
2592160,2025-11-08 00:01:58,25991
2592160,2025-11-08 01:01:42,27719
2592160,2025-11-08 02:01:43,29395
2592160,2025-11-08 03:01:13,31264
2592160,2025-11-08 04:01:03,32797
2592160,2025-11-08 05:01:43,33385
2592160,2025-11-08 06:01:40,33292
2592160,2025-11-08 07:00:59,33057
2592160,2025-11-08 08:01:37,33305
2592160,2025-11-08 09:00:43,33846
2592160,2025-11-08 10:01:43,34102
2592160,2025-11-08 11:02:40,33122
2592160,2025-11-08 12:00:58,31034
2592160,2025-11-08 13:01:07,27709
2592160,2025-11-08 14:02:06,24384
2592160,2025-11-08 15:02:21,21173
2592160,2025-11-08 16:01:42,19181
2592160,2025-11-08 17:01:38,18502
2592160,2025-11-08 18:01:42,18605
2592160,2025-11-08 19:01:35,19101
2592160,2025-11-08 20:01:38,20517
2592160,2025-11-08 21:01:40,22338
2592160,2025-11-08 22:01:39,24521
2592160,2025-11-08 23:01:58,26930
2592160,2025-11-09 00:01:47,29021
2592160,2025-11-09 01:01:52,30465
2592160,2025-11-09 02:01:00,32066
2592160,2025-11-09 03:01:47,33682
2592160,2025-11-09 04:01:00,34714
2592160,2025-11-09 05:01:40,34524
2592160,2025-11-09 06:01:45,33358
2592160,2025-11-09 07:01:48,32083
2592160,2025-11-09 08:01:19,31175
2592160,2025-11-09 09:01:45,31053
2592160,2025-11-09 10:01:42,30851
2592160,2025-11-09 11:01:41,30047
2592160,2025-11-09 12:01:04,28405
2592160,2025-11-09 13:01:48,25726
2592160,2025-11-09 14:01:41,22112
2592160,2025-11-09 15:01:41,19137
2592160,2025-11-09 16:01:38,17311
2592160,2025-11-09 17:01:39,16761
2592160,2025-11-09 18:01:11,16592
2592160,2025-11-09 19:01:46,16893
2592160,2025-11-09 20:01:50,18598
2592160,2025-11-09 21:01:41,20571
2592160,2025-11-09 22:01:44,22619
2592160,2025-11-09 23:00:46,24433
2592160,2025-11-10 00:01:50,26046
2592160,2025-11-10 01:01:53,27949
2592160,2025-11-10 02:01:54,30024
2592160,2025-11-10 03:00:47,31704
2592160,2025-11-10 04:01:47,32150
2592160,2025-11-10 05:01:46,31276
2592160,2025-11-10 06:01:51,29756
2592160,2025-11-10 07:01:34,28796
2592160,2025-11-10 08:02:02,28348
2592160,2025-11-10 09:00:42,28103
2592160,2025-11-10 10:01:45,27006
2592160,2025-11-10 11:01:43,24873
2592160,2025-11-10 12:01:03,21858
2592160,2025-11-10 13:01:49,18607
2592160,2025-11-10 14:01:34,15570
2592160,2025-11-10 15:01:46,13356
2592160,2025-11-10 16:01:41,12021
2592160,2025-11-10 17:00:43,11306
2592160,2025-11-10 18:01:08,11099
2592160,2025-11-10 19:01:46,11463
2592160,2025-11-10 20:01:39,12227
2592160,2025-11-10 21:01:34,13500
2592160,2025-11-10 22:01:47,14882
2592160,2025-11-10 23:01:56,16250
2592160,2025-11-11 00:01:21,17883
2592160,2025-11-11 01:02:00,19737
2592160,2025-11-11 02:02:10,21299
2592160,2025-11-11 03:00:59,22901
2592160,2025-11-11 04:01:53,24017
2592160,2025-11-11 05:02:51,24055
2592160,2025-11-11 06:01:57,23343
2592160,2025-11-11 07:01:39,23292
2592160,2025-11-11 08:02:03,23874
2592160,2025-11-11 09:01:48,24518
2592160,2025-11-11 10:01:01,24300
2592160,2025-11-11 11:00:49,22876
2592160,2025-11-11 12:01:49,20384
2592160,2025-11-11 13:01:45,17713
2592160,2025-11-11 14:01:41,15117
2592160,2025-11-11 15:01:01,13063
2592160,2025-11-11 16:01:46,11771
2592160,2025-11-11 17:01:41,11316
2592160,2025-11-11 18:00:40,11146
2592160,2025-11-11 19:01:31,11521
2592160,2025-11-11 20:01:46,12363
2592160,2025-11-11 21:02:23,13802
2592160,2025-11-11 22:01:55,15235
2592160,2025-11-11 23:01:53,16986
2592160,2025-11-12 00:01:59,18911
2592160,2025-11-12 01:02:47,20381
2592160,2025-11-12 02:01:49,22217
2592160,2025-11-12 03:02:52,23794
2592160,2025-11-12 04:00:47,24148
2592160,2025-11-12 05:01:13,23494
2592160,2025-11-12 06:00:53,22774
2592160,2025-11-12 07:01:16,22485
2592160,2025-11-12 08:00:46,23056
2592160,2025-11-12 09:01:50,23539
2592160,2025-11-12 10:02:00,23294
2592160,2025-11-12 11:01:25,21983
2592160,2025-11-12 12:01:49,19670
2592160,2025-11-12 13:01:44,16808
2592160,2025-11-12 14:01:47,14436
2592160,2025-11-12 15:00:52,12458
2592160,2025-11-12 16:01:53,11287
2592160,2025-11-12 17:01:47,10913
2592160,2025-11-12 18:01:44,11258
2592160,2025-11-12 19:01:41,11775
2592160,2025-11-12 20:01:47,12847
2592160,2025-11-12 21:01:07,14703
2592160,2025-11-12 22:01:52,16899
2592160,2025-11-12 23:01:13,20274
2592160,2025-11-13 00:01:11,31193
1675200,2025-11-09 05:39:05,0
1675200,2025-11-12 03:31:23,0
1675200,2025-11-12 16:24:10,0
1771300,2025-11-06 23:02:13,11539
1771300,2025-11-07 00:02:10,11202
1771300,2025-11-07 01:02:02,11459
1771300,2025-11-07 02:01:33,12235
1771300,2025-11-07 03:02:03,13006
1771300,2025-11-07 04:01:57,12813
1771300,2025-11-07 05:01:59,11621
1771300,2025-11-07 06:01:58,10070
1771300,2025-11-07 07:03:01,8868
1771300,2025-11-07 08:00:57,8590
1771300,2025-11-07 09:01:35,8896
1771300,2025-11-07 10:02:15,9089
1771300,2025-11-07 11:02:02,9051
1771300,2025-11-07 12:00:54,9127
1771300,2025-11-07 13:01:56,8976
1771300,2025-11-07 14:02:08,9284
1771300,2025-11-07 15:01:53,10282
1771300,2025-11-07 16:02:03,11422
1771300,2025-11-07 17:02:05,12675
1771300,2025-11-07 18:01:52,14509
1771300,2025-11-07 19:01:19,16754
1771300,2025-11-07 20:01:44,19439
1771300,2025-11-07 21:01:45,21712
1771300,2025-11-07 22:02:10,23120
1771300,2025-11-07 23:01:20,23078
1771300,2025-11-08 00:02:02,22537
1771300,2025-11-08 01:00:51,21795
1771300,2025-11-08 02:01:48,21744
1771300,2025-11-08 03:01:18,22264
1771300,2025-11-08 04:01:09,22220
1771300,2025-11-08 05:01:50,21005
1771300,2025-11-08 06:01:48,18643
1771300,2025-11-08 07:01:07,16403
1771300,2025-11-08 08:01:44,15675
1771300,2025-11-08 09:00:50,16600
1771300,2025-11-08 10:01:50,18119
1771300,2025-11-08 11:02:46,18659
1771300,2025-11-08 12:01:04,19466
1771300,2025-11-08 13:01:13,20210
1771300,2025-11-08 14:02:12,21297
1771300,2025-11-08 15:02:26,22766
1771300,2025-11-08 16:01:47,24677
1771300,2025-11-08 17:01:42,25859
1771300,2025-11-08 18:01:45,28055
1771300,2025-11-08 19:01:37,30828
1771300,2025-11-08 20:01:40,33908
1771300,2025-11-08 21:01:41,36527
1771300,2025-11-08 22:01:38,37556
1771300,2025-11-08 23:01:56,36853
1771300,2025-11-09 00:01:41,34967
1771300,2025-11-09 01:01:46,33229
1771300,2025-11-09 02:00:55,32359
1771300,2025-11-09 03:01:43,31953
1771300,2025-11-09 04:00:58,31249
1771300,2025-11-09 05:01:38,29531
1771300,2025-11-09 06:01:43,26540
1771300,2025-11-09 07:01:46,23239
1771300,2025-11-09 08:01:17,21748
1771300,2025-11-09 09:01:43,22657
1771300,2025-11-09 10:01:40,24209
1771300,2025-11-09 11:01:40,24748
1771300,2025-11-09 12:01:04,25751
1771300,2025-11-09 13:01:49,26596
1771300,2025-11-09 14:01:42,27420
1771300,2025-11-09 15:01:42,28545
1771300,2025-11-09 16:01:40,30443
1771300,2025-11-09 17:01:40,32293
1771300,2025-11-09 18:01:12,34574
1771300,2025-11-09 19:01:45,37450
1771300,2025-11-09 20:01:48,41620
1771300,2025-11-09 21:01:38,44866
1771300,2025-11-09 22:01:39,44766
1771300,2025-11-09 23:00:39,42405
1771300,2025-11-10 00:01:41,39276
1771300,2025-11-10 01:01:45,37963
1771300,2025-11-10 02:01:46,37799
1771300,2025-11-10 03:00:40,37464
1771300,2025-11-10 04:01:42,34874
1771300,2025-11-10 05:01:41,30968
1771300,2025-11-10 06:01:46,26444
1771300,2025-11-10 07:01:30,22710
1771300,2025-11-10 08:01:57,21255
1771300,2025-11-10 09:00:37,20793
1771300,2025-11-10 10:01:41,20571
1771300,2025-11-10 11:01:41,19811
1771300,2025-11-10 12:01:00,19855
1771300,2025-11-10 13:01:47,18244
1771300,2025-11-10 14:01:32,17840
1771300,2025-11-10 15:01:45,18708
1771300,2025-11-10 16:01:40,20429
1771300,2025-11-10 17:00:43,21954
1771300,2025-11-10 18:01:11,24480
1771300,2025-11-10 19:01:49,27860
1771300,2025-11-10 20:01:39,31618
1771300,2025-11-10 21:01:32,34297
1771300,2025-11-10 22:01:44,34824
1771300,2025-11-10 23:01:51,33185
1771300,2025-11-11 00:01:14,31750
1771300,2025-11-11 01:01:49,30850
1771300,2025-11-11 02:01:29,28335
1771300,2025-11-11 03:00:50,27537
1771300,2025-11-11 04:01:45,25785
1771300,2025-11-11 05:01:43,22684
1771300,2025-11-11 06:01:51,19283
1771300,2025-11-11 07:01:32,16605
1771300,2025-11-11 08:01:08,15730
1771300,2025-11-11 09:01:42,15495
1771300,2025-11-11 10:00:55,15734
1771300,2025-11-11 11:00:44,15560
1771300,2025-11-11 12:01:45,15698
1771300,2025-11-11 13:01:41,14428
1771300,2025-11-11 14:01:38,14302
1771300,2025-11-11 15:00:59,15019
1771300,2025-11-11 16:01:45,16410
1771300,2025-11-11 17:01:42,17735
1771300,2025-11-11 18:00:43,19838
1771300,2025-11-11 19:01:35,22550
1771300,2025-11-11 20:01:47,25657
1771300,2025-11-11 21:02:21,28170
1771300,2025-11-11 22:01:50,28764
1771300,2025-11-11 23:01:45,27194
1771300,2025-11-12 00:01:51,24679
1771300,2025-11-12 01:02:37,27629
1771300,2025-11-12 02:01:42,30336
1771300,2025-11-12 03:02:45,32072
1771300,2025-11-12 04:00:41,30945
1771300,2025-11-12 05:01:07,27490
1771300,2025-11-12 06:00:47,23358
1771300,2025-11-12 07:01:10,20249
1771300,2025-11-12 08:00:40,18892
1771300,2025-11-12 09:01:44,18631
1771300,2025-11-12 10:01:54,18784
1771300,2025-11-12 11:01:19,18108
1771300,2025-11-12 12:01:44,18413
1771300,2025-11-12 13:01:39,17479
1771300,2025-11-12 14:01:42,17708
1771300,2025-11-12 15:00:47,18764
1771300,2025-11-12 16:01:49,20277
1771300,2025-11-12 17:01:47,21692
1771300,2025-11-12 18:01:45,24152
1771300,2025-11-12 19:01:40,27354
1771300,2025-11-12 20:01:45,30818
1771300,2025-11-12 21:01:03,34036
1771300,2025-11-12 22:01:46,34996
1771300,2025-11-12 23:01:05,33708
1771300,2025-11-13 00:01:02,32483
3405690,2025-11-06 23:01:51,45611
3405690,2025-11-07 00:01:45,46837
3405690,2025-11-07 01:01:38,50191
3405690,2025-11-07 02:01:08,52522
3405690,2025-11-07 03:01:39,50651
3405690,2025-11-07 04:01:34,47596
3405690,2025-11-07 05:01:36,41903
3405690,2025-11-07 06:01:34,34975
3405690,2025-11-07 07:02:38,28847
3405690,2025-11-07 08:00:34,24125
3405690,2025-11-07 09:01:12,21145
3405690,2025-11-07 10:01:37,18828
3405690,2025-11-07 11:01:41,16697
3405690,2025-11-07 12:00:34,14879
3405690,2025-11-07 13:01:36,13706
3405690,2025-11-07 14:01:49,10489
3405690,2025-11-07 15:01:33,9477
3405690,2025-11-07 16:01:44,10342
3405690,2025-11-07 17:01:45,14063
3405690,2025-11-07 18:01:36,17441
3405690,2025-11-07 19:01:10,25032
3405690,2025-11-07 20:01:37,33107
3405690,2025-11-07 21:01:36,40131
3405690,2025-11-07 22:02:00,45345
3405690,2025-11-07 23:01:10,47745
3405690,2025-11-08 00:01:50,48593
3405690,2025-11-08 01:01:35,54250
3405690,2025-11-08 02:01:35,58753
3405690,2025-11-08 03:01:06,59606
3405690,2025-11-08 04:00:57,58453
3405690,2025-11-08 05:01:37,55538
3405690,2025-11-08 06:01:35,49434
3405690,2025-11-08 07:00:54,40757
3405690,2025-11-08 08:01:31,33428
3405690,2025-11-08 09:00:37,28852
3405690,2025-11-08 10:01:38,25864
3405690,2025-11-08 11:02:35,23757
3405690,2025-11-08 12:00:53,22105
3405690,2025-11-08 13:01:02,20994
3405690,2025-11-08 14:02:01,21319
3405690,2025-11-08 15:02:16,23932
3405690,2025-11-08 16:01:37,28343
3405690,2025-11-08 17:01:33,34398
3405690,2025-11-08 18:01:39,40872
3405690,2025-11-08 19:01:33,46335
3405690,2025-11-08 20:01:35,48827
3405690,2025-11-08 21:01:37,51790
3405690,2025-11-08 22:01:34,55863
3405690,2025-11-08 23:00:50,57586
3405690,2025-11-09 00:01:36,57115
3405690,2025-11-09 01:01:41,56790
3405690,2025-11-09 02:00:50,56365
3405690,2025-11-09 03:01:40,56143
3405690,2025-11-09 04:00:54,54163
3405690,2025-11-09 05:01:33,51249
3405690,2025-11-09 06:01:38,45807
3405690,2025-11-09 07:01:42,38538
3405690,2025-11-09 08:01:13,31745
3405690,2025-11-09 09:01:39,27338
3405690,2025-11-09 10:01:36,24734
3405690,2025-11-09 11:01:36,22925
3405690,2025-11-09 12:00:58,21725
3405690,2025-11-09 13:01:43,21172
3405690,2025-11-09 14:01:36,21703
3405690,2025-11-09 15:01:35,23531
3405690,2025-11-09 16:01:34,27843
3405690,2025-11-09 17:01:34,33749
3405690,2025-11-09 18:01:08,39998
3405690,2025-11-09 19:01:43,45049
3405690,2025-11-09 20:01:46,50397
3405690,2025-11-09 21:01:35,53124
3405690,2025-11-09 22:01:36,54863
3405690,2025-11-09 23:00:36,53344
3405690,2025-11-10 00:01:39,49423
3405690,2025-11-10 01:01:43,55229
3405690,2025-11-10 02:01:44,60993
3405690,2025-11-10 03:00:37,57184
3405690,2025-11-10 04:01:39,51667
3405690,2025-11-10 05:01:37,44952
3405690,2025-11-10 06:01:43,38927
3405690,2025-11-10 07:01:26,31441
3405690,2025-11-10 08:01:53,25810
3405690,2025-11-10 09:00:34,22114
3405690,2025-11-10 10:01:37,19080
3405690,2025-11-10 11:01:37,16321
3405690,2025-11-10 12:00:56,15039
3405690,2025-11-10 13:01:42,13486
3405690,2025-11-10 14:01:27,13546
3405690,2025-11-10 15:01:40,15073
3405690,2025-11-10 16:01:35,17855
3405690,2025-11-10 17:00:39,21655
3405690,2025-11-10 18:01:05,26643
3405690,2025-11-10 19:01:48,31588
3405690,2025-11-10 20:01:37,36747
3405690,2025-11-10 21:01:30,41016
3405690,2025-11-10 22:01:42,44001
3405690,2025-11-10 23:01:48,45584
3405690,2025-11-11 00:01:11,47122
3405690,2025-11-11 01:01:46,51585
3405690,2025-11-11 02:01:24,55283
3405690,2025-11-11 03:00:45,54840
3405690,2025-11-11 04:01:40,51761
3405690,2025-11-11 05:01:38,46048
3405690,2025-11-11 06:01:46,38782
3405690,2025-11-11 07:01:28,31715
3405690,2025-11-11 08:01:52,26551
3405690,2025-11-11 09:01:37,22981
3405690,2025-11-11 10:00:51,20017
3405690,2025-11-11 11:00:40,17321
3405690,2025-11-11 12:01:40,15565
3405690,2025-11-11 13:01:37,13996
3405690,2025-11-11 14:01:32,13687
3405690,2025-11-11 15:00:52,14650
3405690,2025-11-11 16:01:37,17121
3405690,2025-11-11 17:01:34,19916
3405690,2025-11-11 18:00:35,24821
3405690,2025-11-11 19:01:29,29742
3405690,2025-11-11 20:01:43,34786
3405690,2025-11-11 21:02:17,39338
3405690,2025-11-11 22:01:45,42337
3405690,2025-11-11 23:01:41,43695
3405690,2025-11-12 00:01:47,44722
3405690,2025-11-12 01:02:32,48714
3405690,2025-11-12 02:01:37,50364
3405690,2025-11-12 03:02:40,48502
3405690,2025-11-12 04:00:36,44493
3405690,2025-11-12 05:01:02,38408
3405690,2025-11-12 06:00:42,31461
3405690,2025-11-12 07:01:05,25655
3405690,2025-11-12 08:00:35,22183
3405690,2025-11-12 09:01:40,19772
3405690,2025-11-12 10:01:50,17319
3405690,2025-11-12 11:01:15,14878
3405690,2025-11-12 12:01:40,13826
3405690,2025-11-12 13:01:34,12301
3405690,2025-11-12 14:01:38,12221
3405690,2025-11-12 15:00:42,13116
3405690,2025-11-12 16:01:45,15200
3405690,2025-11-12 17:01:42,18070
3405690,2025-11-12 18:01:42,21579
3405690,2025-11-12 19:01:42,25623
3405690,2025-11-12 20:01:46,30338
3405690,2025-11-12 21:01:04,35656
3405690,2025-11-12 22:01:45,39109
3405690,2025-11-12 23:01:04,41343
3405690,2025-11-13 00:01:00,42500
3450310,2025-11-06 23:01:50,52345
3450310,2025-11-07 00:01:45,54017
3450310,2025-11-07 01:01:37,57230
3450310,2025-11-07 02:01:07,60221
3450310,2025-11-07 03:01:38,61295
3450310,2025-11-07 04:01:33,59724
3450310,2025-11-07 05:01:34,55154
3450310,2025-11-07 06:01:33,48604
3450310,2025-11-07 07:02:37,42475
3450310,2025-11-07 08:00:33,38835
3450310,2025-11-07 09:01:11,36448
3450310,2025-11-07 10:01:37,34800
3450310,2025-11-07 11:01:39,32406
3450310,2025-11-07 12:00:32,30443
3450310,2025-11-07 13:01:35,27892
3450310,2025-11-07 14:01:48,27020
3450310,2025-11-07 15:01:32,28423
3450310,2025-11-07 16:01:43,30935
3450310,2025-11-07 17:01:43,34145
3450310,2025-11-07 18:01:33,38071
3450310,2025-11-07 19:01:06,42211
3450310,2025-11-07 20:01:31,46799
3450310,2025-11-07 21:01:33,51099
3450310,2025-11-07 22:01:43,55348
3450310,2025-11-07 23:01:08,57948
3450310,2025-11-08 00:01:49,59257
3450310,2025-11-08 01:01:33,60499
3450310,2025-11-08 02:01:34,61682
3450310,2025-11-08 03:01:05,63411
3450310,2025-11-08 04:00:56,63831
3450310,2025-11-08 05:01:37,61763
3450310,2025-11-08 06:01:34,56615
3450310,2025-11-08 07:00:53,50126
3450310,2025-11-08 08:01:31,45253
3450310,2025-11-08 09:00:37,42446
3450310,2025-11-08 10:01:37,40755
3450310,2025-11-08 11:02:35,38979
3450310,2025-11-08 12:00:52,37514
3450310,2025-11-08 13:01:02,35982
3450310,2025-11-08 14:02:00,36140
3450310,2025-11-08 15:02:15,38388
3450310,2025-11-08 16:01:36,42276
3450310,2025-11-08 17:01:33,47121
3450310,2025-11-08 18:01:37,52158
3450310,2025-11-08 19:00:44,56663
3450310,2025-11-08 20:01:34,60997
3450310,2025-11-08 21:01:35,64743
3450310,2025-11-08 22:01:33,68066
3450310,2025-11-08 23:00:49,69993
3450310,2025-11-09 00:01:35,70128
3450310,2025-11-09 01:01:40,69391
3450310,2025-11-09 02:00:49,69160
3450310,2025-11-09 03:01:38,70198
3450310,2025-11-09 04:00:52,69927
3450310,2025-11-09 05:01:32,67089
3450310,2025-11-09 06:01:37,61605
3450310,2025-11-09 07:01:40,54545
3450310,2025-11-09 08:01:12,48772
3450310,2025-11-09 09:01:38,44892
3450310,2025-11-09 10:01:34,42927
3450310,2025-11-09 11:01:34,41084
3450310,2025-11-09 12:00:57,39551
3450310,2025-11-09 13:01:42,37840
3450310,2025-11-09 14:01:34,37793
3450310,2025-11-09 15:01:34,39673
3450310,2025-11-09 16:01:32,44074
3450310,2025-11-09 17:01:32,49271
3450310,2025-11-09 18:01:05,54159
3450310,2025-11-09 19:01:40,58460
3450310,2025-11-09 20:01:44,62944
3450310,2025-11-09 21:01:34,67137
3450310,2025-11-09 22:01:35,69950
3450310,2025-11-09 23:00:35,71395
3450310,2025-11-10 00:01:36,70292
3450310,2025-11-10 01:01:40,70224
3450310,2025-11-10 02:01:42,71803
3450310,2025-11-10 03:00:36,72816
3450310,2025-11-10 04:01:38,70152
3450310,2025-11-10 05:01:37,64080
3450310,2025-11-10 06:01:42,55228
3450310,2025-11-10 07:01:25,47039
3450310,2025-11-10 08:01:53,41534
3450310,2025-11-10 09:00:33,38197
3450310,2025-11-10 10:01:36,35618
3450310,2025-11-10 11:01:36,32698
3450310,2025-11-10 12:00:55,30097
3450310,2025-11-10 13:01:41,26680
3450310,2025-11-10 14:01:26,25498
3450310,2025-11-10 15:01:37,26592
3450310,2025-11-10 16:01:33,29093
3450310,2025-11-10 17:00:36,32529
3450310,2025-11-10 18:01:02,36536
3450310,2025-11-10 19:01:43,40450
3450310,2025-11-10 20:01:35,44281
3450310,2025-11-10 21:01:29,47749
3450310,2025-11-10 22:01:40,50851
3450310,2025-11-10 23:01:47,53366
3450310,2025-11-11 00:01:09,55986
3450310,2025-11-11 01:01:44,58764
3450310,2025-11-11 02:01:23,61377
3450310,2025-11-11 03:00:45,63049
3450310,2025-11-11 04:01:39,61775
3450310,2025-11-11 05:01:38,56597
3450310,2025-11-11 06:01:45,49583
3450310,2025-11-11 07:01:27,43210
3450310,2025-11-11 08:01:51,39076
3450310,2025-11-11 09:01:37,36545
3450310,2025-11-11 10:00:50,34779
3450310,2025-11-11 11:00:39,32208
3450310,2025-11-11 12:01:40,29835
3450310,2025-11-11 13:01:36,27012
3450310,2025-11-11 14:01:31,25892
3450310,2025-11-11 15:00:52,26908
3450310,2025-11-11 16:01:36,29397
3450310,2025-11-11 17:01:32,32908
3450310,2025-11-11 18:00:33,36642
3450310,2025-11-11 19:01:26,40481
3450310,2025-11-11 20:01:40,44373
3450310,2025-11-11 21:02:15,48308
3450310,2025-11-11 22:01:43,51436
3450310,2025-11-11 23:01:40,53839
3450310,2025-11-12 00:01:44,56467
3450310,2025-11-12 01:02:30,58914
3450310,2025-11-12 02:01:35,61601
3450310,2025-11-12 03:02:38,63323
3450310,2025-11-12 04:00:34,61181
3450310,2025-11-12 05:01:01,55575
3450310,2025-11-12 06:00:41,47687
3450310,2025-11-12 07:01:03,41167
3450310,2025-11-12 08:00:34,37141
3450310,2025-11-12 09:01:38,35066
3450310,2025-11-12 10:01:48,33341
3450310,2025-11-12 11:01:13,30353
3450310,2025-11-12 12:01:38,28223
3450310,2025-11-12 13:01:32,25279
3450310,2025-11-12 14:01:36,23999
3450310,2025-11-12 15:00:41,24649
3450310,2025-11-12 16:01:42,26509
3450310,2025-11-12 17:01:39,29007
3450310,2025-11-12 18:01:38,32157
3450310,2025-11-12 19:01:37,35631
3450310,2025-11-12 20:01:43,39088
3450310,2025-11-12 21:01:00,42225
3450310,2025-11-12 22:01:43,44712
3450310,2025-11-12 23:01:03,46956
3450310,2025-11-13 00:00:59,49350
1174180,2025-11-06 23:01:51,36797
1174180,2025-11-07 00:01:46,33573
1174180,2025-11-07 01:01:39,32692
1174180,2025-11-07 02:01:09,32596
1174180,2025-11-07 03:01:41,31948
1174180,2025-11-07 04:01:36,29598
1174180,2025-11-07 05:01:37,27013
1174180,2025-11-07 06:01:36,24649
1174180,2025-11-07 07:02:40,23737
1174180,2025-11-07 08:00:36,24261
1174180,2025-11-07 09:01:14,25092
1174180,2025-11-07 10:01:39,25706
1174180,2025-11-07 11:01:44,24916
1174180,2025-11-07 12:00:38,25435
1174180,2025-11-07 13:01:41,23757
1174180,2025-11-07 14:01:53,23666
1174180,2025-11-07 15:01:38,24618
1174180,2025-11-07 16:01:49,26589
1174180,2025-11-07 17:01:50,28300
1174180,2025-11-07 18:01:38,31449
1174180,2025-11-07 19:01:08,36441
1174180,2025-11-07 20:01:32,41428
1174180,2025-11-07 21:01:34,46236
1174180,2025-11-07 22:01:43,46665
1174180,2025-11-07 23:01:09,42736
1174180,2025-11-08 00:01:51,38826
1174180,2025-11-08 01:01:35,37234
1174180,2025-11-08 02:01:37,36292
1174180,2025-11-08 03:01:07,35416
1174180,2025-11-08 04:00:58,34185
1174180,2025-11-08 05:01:39,32493
1174180,2025-11-08 06:01:36,29705
1174180,2025-11-08 07:00:55,27923
1174180,2025-11-08 08:01:33,28032
1174180,2025-11-08 09:00:39,30527
1174180,2025-11-08 10:01:39,32937
1174180,2025-11-08 11:02:38,33826
1174180,2025-11-08 12:00:56,34710
1174180,2025-11-08 13:01:06,34992
1174180,2025-11-08 14:02:05,35540
1174180,2025-11-08 15:02:20,36792
1174180,2025-11-08 16:01:40,38399
1174180,2025-11-08 17:01:36,38911
1174180,2025-11-08 18:01:40,41417
1174180,2025-11-08 19:01:33,46167
1174180,2025-11-08 20:01:35,50929
1174180,2025-11-08 21:01:37,54881
1174180,2025-11-08 22:01:34,56020
1174180,2025-11-08 23:00:50,52883
1174180,2025-11-09 00:01:36,48438
1174180,2025-11-09 01:01:42,45637
1174180,2025-11-09 02:00:51,43981
1174180,2025-11-09 03:01:40,43068
1174180,2025-11-09 04:00:54,41504
1174180,2025-11-09 05:01:34,39054
1174180,2025-11-09 06:01:39,35711
1174180,2025-11-09 07:01:42,32662
1174180,2025-11-09 08:01:14,32263
1174180,2025-11-09 09:01:40,34184
1174180,2025-11-09 10:01:36,37150
1174180,2025-11-09 11:01:37,37752
1174180,2025-11-09 12:00:59,38883
1174180,2025-11-09 13:01:45,39528
1174180,2025-11-09 14:01:38,39858
1174180,2025-11-09 15:01:38,40310
1174180,2025-11-09 16:01:36,41052
1174180,2025-11-09 17:01:36,41578
1174180,2025-11-09 18:01:08,43597
1174180,2025-11-09 19:01:42,48066
1174180,2025-11-09 20:01:45,54503
1174180,2025-11-09 21:01:35,59069
1174180,2025-11-09 22:01:36,57247
1174180,2025-11-09 23:00:36,51974
1174180,2025-11-10 00:01:38,48166
1174180,2025-11-10 01:01:42,47020
1174180,2025-11-10 02:01:44,46823
1174180,2025-11-10 03:00:38,45772
1174180,2025-11-10 04:01:39,42284
1174180,2025-11-10 05:01:38,37998
1174180,2025-11-10 06:01:44,33989
1174180,2025-11-10 07:01:27,31321
1174180,2025-11-10 08:01:54,30032
1174180,2025-11-10 09:00:35,29391
1174180,2025-11-10 10:01:38,29094
1174180,2025-11-10 11:01:39,27106
1174180,2025-11-10 12:00:58,27309
1174180,2025-11-10 13:01:44,24348
1174180,2025-11-10 14:01:30,23370
1174180,2025-11-10 15:01:42,24479
1174180,2025-11-10 16:01:37,26765
1174180,2025-11-10 17:00:40,28395
1174180,2025-11-10 18:01:06,31309
1174180,2025-11-10 19:01:45,36722
1174180,2025-11-10 20:01:36,42699
1174180,2025-11-10 21:01:29,47655
1174180,2025-11-10 22:01:41,45704
1174180,2025-11-10 23:01:48,40864
1174180,2025-11-11 00:01:10,38535
1174180,2025-11-11 01:01:45,37764
1174180,2025-11-11 02:01:26,37677
1174180,2025-11-11 03:00:47,37291
1174180,2025-11-11 04:01:42,34776
1174180,2025-11-11 05:01:40,32312
1174180,2025-11-11 06:01:48,29737
1174180,2025-11-11 07:01:29,28343
1174180,2025-11-11 08:01:54,28346
1174180,2025-11-11 09:01:39,28348
1174180,2025-11-11 10:00:52,28781
1174180,2025-11-11 11:00:43,27629
1174180,2025-11-11 12:01:44,28078
1174180,2025-11-11 13:01:40,25527
1174180,2025-11-11 14:01:35,24762
1174180,2025-11-11 15:00:56,25895
1174180,2025-11-11 16:01:41,28272
1174180,2025-11-11 17:01:36,29840
1174180,2025-11-11 18:00:37,32707
1174180,2025-11-11 19:01:28,37914
1174180,2025-11-11 20:01:41,44181
1174180,2025-11-11 21:02:15,49077
1174180,2025-11-11 22:01:43,47547
1174180,2025-11-11 23:01:40,42502
1174180,2025-11-12 00:01:45,39684
1174180,2025-11-12 01:02:32,38925
1174180,2025-11-12 02:01:36,39013
1174180,2025-11-12 03:02:40,38191
1174180,2025-11-12 04:00:36,35483
1174180,2025-11-12 05:01:03,32196
1174180,2025-11-12 06:00:43,29353
1174180,2025-11-12 07:01:06,27886
1174180,2025-11-12 08:00:36,27776
1174180,2025-11-12 09:01:40,28046
1174180,2025-11-12 10:01:51,28315
1174180,2025-11-12 11:01:17,26151
1174180,2025-11-12 12:01:42,27420
1174180,2025-11-12 13:01:36,24980
1174180,2025-11-12 14:01:39,24250
1174180,2025-11-12 15:00:45,25275
1174180,2025-11-12 16:01:47,27448
1174180,2025-11-12 17:01:43,28504
1174180,2025-11-12 18:01:41,30688
1174180,2025-11-12 19:01:38,35682
1174180,2025-11-12 20:01:43,41541
1174180,2025-11-12 21:01:00,46616
1174180,2025-11-12 22:01:43,45187
1174180,2025-11-12 23:01:03,39958
1174180,2025-11-13 00:00:59,37073
3948510,2025-11-10 11:23:12,0
3948510,2025-11-12 13:18:05,0
3949040,2025-11-06 23:02:01,17574
3949040,2025-11-07 00:01:59,16857
3949040,2025-11-07 01:01:50,19431
3949040,2025-11-07 02:01:20,23668
3949040,2025-11-07 03:01:48,27021
3949040,2025-11-07 04:01:41,25991
3949040,2025-11-07 05:01:42,20665
3949040,2025-11-07 06:01:41,15660
3949040,2025-11-07 07:02:45,14018
3949040,2025-11-07 08:00:41,14718
3949040,2025-11-07 09:01:19,17106
3949040,2025-11-07 10:01:59,17894
3949040,2025-11-07 11:01:47,16185
3949040,2025-11-07 12:00:40,13970
3949040,2025-11-07 13:01:43,11176
3949040,2025-11-07 14:01:55,8813
3949040,2025-11-07 15:01:40,7633
3949040,2025-11-07 16:01:51,7344
3949040,2025-11-07 17:01:53,7456
3949040,2025-11-07 18:01:44,8958
3949040,2025-11-07 19:01:16,12471
3949040,2025-11-07 20:01:43,17396
3949040,2025-11-07 21:01:47,22737
3949040,2025-11-07 22:02:09,23999
3949040,2025-11-07 23:01:19,22073
3949040,2025-11-08 00:02:00,21656
3949040,2025-11-08 01:01:45,22756
3949040,2025-11-08 02:01:46,26197
3949040,2025-11-08 03:01:15,31604
3949040,2025-11-08 04:01:02,34377
3949040,2025-11-08 05:01:43,32326
3949040,2025-11-08 06:01:40,26475
3949040,2025-11-08 07:00:59,21287
3949040,2025-11-08 08:01:37,19609
3949040,2025-11-08 09:00:42,21754
3949040,2025-11-08 10:01:43,24812
3949040,2025-11-08 11:02:40,25855
3949040,2025-11-08 12:00:58,24463
3949040,2025-11-08 13:01:06,21067
3949040,2025-11-08 14:02:05,17785
3949040,2025-11-08 15:02:21,15083
3949040,2025-11-08 16:01:43,13336
3949040,2025-11-08 17:01:39,12408
3949040,2025-11-08 18:01:44,13694
3949040,2025-11-08 19:01:38,17375
3949040,2025-11-08 20:01:42,23154
3949040,2025-11-08 21:01:46,28293
3949040,2025-11-08 22:01:43,30535
3949040,2025-11-08 23:02:01,30618
3949040,2025-11-09 00:01:46,29633
3949040,2025-11-09 01:01:51,29577
3949040,2025-11-09 02:00:59,31995
3949040,2025-11-09 03:01:47,36516
3949040,2025-11-09 04:00:58,39433
3949040,2025-11-09 05:01:37,37285
3949040,2025-11-09 06:01:41,31638
3949040,2025-11-09 07:01:45,25783
3949040,2025-11-09 08:01:16,23343
3949040,2025-11-09 09:01:42,24166
3949040,2025-11-09 10:01:39,26027
3949040,2025-11-09 11:01:39,27065
3949040,2025-11-09 12:01:02,25826
3949040,2025-11-09 13:01:46,23026
3949040,2025-11-09 14:01:39,19471
3949040,2025-11-09 15:01:38,15920
3949040,2025-11-09 16:01:37,13881
3949040,2025-11-09 17:01:37,12804
3949040,2025-11-09 18:01:12,13326
3949040,2025-11-09 19:01:47,16657
3949040,2025-11-09 20:01:52,23923
3949040,2025-11-09 21:01:45,29586
3949040,2025-11-09 22:01:46,30343
3949040,2025-11-09 23:00:45,28235
3949040,2025-11-10 00:01:47,27359
3949040,2025-11-10 01:01:51,29656
3949040,2025-11-10 02:01:52,34010
3949040,2025-11-10 03:00:44,38102
3949040,2025-11-10 04:01:44,35997
3949040,2025-11-10 05:01:43,29417
3949040,2025-11-10 06:01:48,23825
3949040,2025-11-10 07:01:32,21040
3949040,2025-11-10 08:01:59,21206
3949040,2025-11-10 09:00:39,22231
3949040,2025-11-10 10:01:43,21365
3949040,2025-11-10 11:01:42,18172
3949040,2025-11-10 12:01:01,14704
3949040,2025-11-10 13:01:46,11026
3949040,2025-11-10 14:01:32,8396
3949040,2025-11-10 15:01:44,6820
3949040,2025-11-10 16:01:39,6289
3949040,2025-11-10 17:00:45,6281
3949040,2025-11-10 18:01:12,7196
3949040,2025-11-10 19:01:51,9759
3949040,2025-11-10 20:01:43,14370
3949040,2025-11-10 21:01:39,18534
3949040,2025-11-10 22:01:52,17629
3949040,2025-11-10 23:02:02,15444
3949040,2025-11-11 00:01:25,15513
3949040,2025-11-11 01:02:01,18423
3949040,2025-11-11 02:02:12,22688
3949040,2025-11-11 03:00:57,26205
3949040,2025-11-11 04:01:49,25292
3949040,2025-11-11 05:01:47,20641
3949040,2025-11-11 06:01:55,16184
3949040,2025-11-11 07:01:37,14083
3949040,2025-11-11 08:02:00,14759
3949040,2025-11-11 09:01:46,16658
3949040,2025-11-11 10:00:59,17235
3949040,2025-11-11 11:00:47,15811
3949040,2025-11-11 12:01:48,13413
3949040,2025-11-11 13:01:44,10469
3949040,2025-11-11 14:01:39,8268
3949040,2025-11-11 15:01:00,6856
3949040,2025-11-11 16:01:45,6250
3949040,2025-11-11 17:01:43,6275
3949040,2025-11-11 18:00:46,7050
3949040,2025-11-11 19:01:38,9233
3949040,2025-11-11 20:01:53,13561
3949040,2025-11-11 21:02:30,17442
3949040,2025-11-11 22:02:01,17320
3949040,2025-11-11 23:01:56,15796
3949040,2025-11-12 00:02:03,16083
3949040,2025-11-12 01:02:48,18318
3949040,2025-11-12 02:01:53,21482
3949040,2025-11-12 03:02:53,24691
3949040,2025-11-12 04:00:46,23096
3949040,2025-11-12 05:01:12,17613
3949040,2025-11-12 06:00:52,13113
3949040,2025-11-12 07:01:16,11288
3949040,2025-11-12 08:00:45,12660
3949040,2025-11-12 09:01:50,14524
3949040,2025-11-12 10:01:59,15027
3949040,2025-11-12 11:01:24,13020
3949040,2025-11-12 12:01:48,10993
3949040,2025-11-12 13:01:43,8356
3949040,2025-11-12 14:01:46,6498
3949040,2025-11-12 15:00:51,5577
3949040,2025-11-12 16:01:57,5069
3949040,2025-11-12 17:01:55,4982
3949040,2025-11-12 18:01:19,5693
3949040,2025-11-12 19:01:50,7599
3949040,2025-11-12 20:01:57,10898
3949040,2025-11-12 21:01:18,14160
3949040,2025-11-12 22:02:01,13764
3949040,2025-11-12 23:01:22,12103
3949040,2025-11-13 00:01:18,12041
3241660,2025-11-06 23:01:48,60142
3241660,2025-11-07 00:01:43,58233
3241660,2025-11-07 01:01:36,60919
3241660,2025-11-07 02:01:06,66931
3241660,2025-11-07 03:01:37,71705
3241660,2025-11-07 04:01:32,67189
3241660,2025-11-07 05:01:33,56373
3241660,2025-11-07 06:01:32,45476
3241660,2025-11-07 07:02:36,41812
3241660,2025-11-07 08:00:32,46101
3241660,2025-11-07 09:01:10,52748
3241660,2025-11-07 10:01:35,55636
3241660,2025-11-07 11:01:38,51384
3241660,2025-11-07 12:00:32,43342
3241660,2025-11-07 13:01:35,34271
3241660,2025-11-07 14:01:47,26974
3241660,2025-11-07 15:01:32,23113
3241660,2025-11-07 16:01:42,21697
3241660,2025-11-07 17:01:43,21899
3241660,2025-11-07 18:01:32,27275
3241660,2025-11-07 19:01:04,39691
3241660,2025-11-07 20:01:30,58887
3241660,2025-11-07 21:01:32,77955
3241660,2025-11-07 22:01:41,86596
3241660,2025-11-07 23:01:06,84117
3241660,2025-11-08 00:01:47,79938
3241660,2025-11-08 01:01:31,79577
3241660,2025-11-08 02:01:32,83114
3241660,2025-11-08 03:01:03,88426
3241660,2025-11-08 04:00:54,88592
3241660,2025-11-08 05:01:34,80955
3241660,2025-11-08 06:01:32,64045
3241660,2025-11-08 07:00:51,57391
3241660,2025-11-08 08:01:29,58581
3241660,2025-11-08 09:00:34,67597
3241660,2025-11-08 10:01:35,76716
3241660,2025-11-08 11:02:32,77990
3241660,2025-11-08 12:00:50,71301
3241660,2025-11-08 13:01:00,60943
3241660,2025-11-08 14:01:58,49855
3241660,2025-11-08 15:02:13,42111
3241660,2025-11-08 16:01:35,37431
3241660,2025-11-08 17:01:31,34959
3241660,2025-11-08 18:01:35,39635
3241660,2025-11-08 19:01:29,53763
3241660,2025-11-08 20:01:32,73792
3241660,2025-11-08 21:01:34,92601
3241660,2025-11-08 22:01:30,102245
3241660,2025-11-08 23:00:46,99072
3241660,2025-11-09 00:01:32,93671
3241660,2025-11-09 01:01:38,90021
3241660,2025-11-09 02:00:47,91652
3241660,2025-11-09 03:01:35,96394
3241660,2025-11-09 04:00:50,98912
3241660,2025-11-09 05:01:30,93770
3241660,2025-11-09 06:01:34,80429
3241660,2025-11-09 07:01:38,68262
3241660,2025-11-09 08:01:09,65360
3241660,2025-11-09 09:01:35,71760
3241660,2025-11-09 10:01:32,80004
3241660,2025-11-09 11:01:32,81891
3241660,2025-11-09 12:00:54,77888
3241660,2025-11-09 13:01:39,68579
3241660,2025-11-09 14:01:32,57481
3241660,2025-11-09 15:01:31,47276
3241660,2025-11-09 16:01:29,41538
3241660,2025-11-09 17:01:30,38197
3241660,2025-11-09 18:01:03,41653
3241660,2025-11-09 19:01:37,54117
3241660,2025-11-09 20:01:42,75928
3241660,2025-11-09 21:01:33,92999
3241660,2025-11-09 22:01:33,92955
3241660,2025-11-09 23:00:33,84930
3241660,2025-11-10 00:01:35,81615
3241660,2025-11-10 01:01:39,84441
3241660,2025-11-10 02:01:40,90735
3241660,2025-11-10 03:00:34,95511
3241660,2025-11-10 04:01:36,90382
3241660,2025-11-10 05:01:35,77799
3241660,2025-11-10 06:01:40,65585
3241660,2025-11-10 07:01:23,60446
3241660,2025-11-10 08:01:50,62642
3241660,2025-11-10 09:00:31,66551
3241660,2025-11-10 10:01:34,64729
3241660,2025-11-10 11:01:33,55831
3241660,2025-11-10 12:00:53,45592
3241660,2025-11-10 13:01:38,34771
3241660,2025-11-10 14:01:24,26511
3241660,2025-11-10 15:01:36,22188
3241660,2025-11-10 16:01:31,20802
3241660,2025-11-10 17:00:35,21321
3241660,2025-11-10 18:01:01,24618
3241660,2025-11-10 19:01:40,35125
3241660,2025-11-10 20:01:32,50844
3241660,2025-11-10 21:01:27,65137
3241660,2025-11-10 22:01:39,63745
3241660,2025-11-10 23:01:46,56274
3241660,2025-11-11 00:01:08,54602
3241660,2025-11-11 01:01:43,59138
3241660,2025-11-11 02:01:23,64842
3241660,2025-11-11 03:00:44,69948
3241660,2025-11-11 04:01:39,67456
3241660,2025-11-11 05:01:37,58389
3241660,2025-11-11 06:01:44,48882
3241660,2025-11-11 07:01:26,45234
3241660,2025-11-11 08:01:50,47606
3241660,2025-11-11 09:01:36,53627
3241660,2025-11-11 10:00:49,54773
3241660,2025-11-11 11:00:38,50961
3241660,2025-11-11 12:01:38,43959
3241660,2025-11-11 13:01:35,34515
3241660,2025-11-11 14:01:30,27695
3241660,2025-11-11 15:00:51,23016
3241660,2025-11-11 16:01:36,21648
3241660,2025-11-11 17:01:32,21358
3241660,2025-11-11 18:00:32,24666
3241660,2025-11-11 19:01:24,35124
3241660,2025-11-11 20:01:38,51629
3241660,2025-11-11 21:02:14,67272
3241660,2025-11-11 22:01:41,66024
3241660,2025-11-11 23:01:38,58762
3241660,2025-11-12 00:01:43,56497
3241660,2025-11-12 01:02:29,59673
3241660,2025-11-12 02:01:34,64423
3241660,2025-11-12 03:02:37,67942
3241660,2025-11-12 04:00:34,62644
3241660,2025-11-12 05:01:00,51902
3241660,2025-11-12 06:00:40,42339
3241660,2025-11-12 07:01:03,39133
3241660,2025-11-12 08:00:33,42225
3241660,2025-11-12 09:01:37,47969
3241660,2025-11-12 10:01:48,49638
3241660,2025-11-12 11:01:12,45231
3241660,2025-11-12 12:01:37,38108
3241660,2025-11-12 13:01:32,30108
3241660,2025-11-12 14:01:35,24135
3241660,2025-11-12 15:00:40,20774
3241660,2025-11-12 16:01:43,19383
3241660,2025-11-12 17:01:38,18677
3241660,2025-11-12 18:01:36,21794
3241660,2025-11-12 19:01:34,31337
3241660,2025-11-12 20:01:40,46680
3241660,2025-11-12 21:00:58,61048
3241660,2025-11-12 22:01:41,60595
3241660,2025-11-12 23:01:01,52697
3241660,2025-11-13 00:00:57,48465
381210,2025-11-06 23:01:50,57408
381210,2025-11-07 00:01:44,76416
381210,2025-11-07 01:01:35,79711
381210,2025-11-07 02:01:05,80047
381210,2025-11-07 03:01:36,78482
381210,2025-11-07 04:01:31,72859
381210,2025-11-07 05:01:33,64992
381210,2025-11-07 06:01:32,59272
381210,2025-11-07 07:02:36,56709
381210,2025-11-07 08:00:32,57158
381210,2025-11-07 09:01:10,57949
381210,2025-11-07 10:01:35,57058
381210,2025-11-07 11:01:38,52856
381210,2025-11-07 12:00:32,49766
381210,2025-11-07 13:01:34,44427
381210,2025-11-07 14:01:47,40689
381210,2025-11-07 15:01:31,38753
381210,2025-11-07 16:01:42,38721
381210,2025-11-07 17:01:43,40286
381210,2025-11-07 18:01:32,45734
381210,2025-11-07 19:01:03,55481
381210,2025-11-07 20:01:29,66753
381210,2025-11-07 21:01:31,75069
381210,2025-11-07 22:01:41,77866
381210,2025-11-07 23:01:07,74765
381210,2025-11-08 00:01:48,72736
381210,2025-11-08 01:01:32,72139
381210,2025-11-08 02:01:33,72874
381210,2025-11-08 03:01:04,74310
381210,2025-11-08 04:00:55,71895
381210,2025-11-08 05:01:35,67605
381210,2025-11-08 06:01:33,61762
381210,2025-11-08 07:00:52,57052
381210,2025-11-08 08:01:30,56310
381210,2025-11-08 09:00:36,57875
381210,2025-11-08 10:01:36,59432
381210,2025-11-08 11:02:33,58373
381210,2025-11-08 12:00:51,57310
381210,2025-11-08 13:01:00,54722
381210,2025-11-08 14:01:59,52344
381210,2025-11-08 15:02:14,49784
381210,2025-11-08 16:01:36,48575
381210,2025-11-08 17:01:32,48372
381210,2025-11-08 18:01:37,53197
381210,2025-11-08 19:01:30,61853
381210,2025-11-08 20:01:33,71814
381210,2025-11-08 21:01:34,79653
381210,2025-11-08 22:01:32,82802
381210,2025-11-08 23:00:48,80861
381210,2025-11-09 00:01:33,77549
381210,2025-11-09 01:01:39,75466
381210,2025-11-09 02:00:48,75538
381210,2025-11-09 03:01:37,76620
381210,2025-11-09 04:00:51,75606
381210,2025-11-09 05:01:31,71339
381210,2025-11-09 06:01:35,64964
381210,2025-11-09 07:01:39,58894
381210,2025-11-09 08:01:10,56550
381210,2025-11-09 09:01:36,57070
381210,2025-11-09 10:01:33,58503
381210,2025-11-09 11:01:33,58321
381210,2025-11-09 12:00:55,57889
381210,2025-11-09 13:01:40,56732
381210,2025-11-09 14:01:33,53673
381210,2025-11-09 15:01:33,50228
381210,2025-11-09 16:01:31,49143
381210,2025-11-09 17:01:31,49145
381210,2025-11-09 18:01:04,53153
381210,2025-11-09 19:01:40,61335
381210,2025-11-09 20:01:44,72874
381210,2025-11-09 21:01:33,79433
381210,2025-11-09 22:01:34,78415
381210,2025-11-09 23:00:34,74979
381210,2025-11-10 00:01:36,72758
381210,2025-11-10 01:01:40,74375
381210,2025-11-10 02:01:41,76478
381210,2025-11-10 03:00:35,76058
381210,2025-11-10 04:01:37,71411
381210,2025-11-10 05:01:36,64618
381210,2025-11-10 06:01:41,57529
381210,2025-11-10 07:01:25,53608
381210,2025-11-10 08:01:52,51899
381210,2025-11-10 09:00:32,51731
381210,2025-11-10 10:01:36,49724
381210,2025-11-10 11:01:35,45377
381210,2025-11-10 12:00:55,41573
381210,2025-11-10 13:01:40,36929
381210,2025-11-10 14:01:26,33571
381210,2025-11-10 15:01:37,32138
381210,2025-11-10 16:01:33,32382
381210,2025-11-10 17:00:36,33359
381210,2025-11-10 18:01:02,38645
381210,2025-11-10 19:01:41,46697
381210,2025-11-10 20:01:33,55927
381210,2025-11-10 21:01:28,62734
381210,2025-11-10 22:01:39,62152
381210,2025-11-10 23:01:46,59277
381210,2025-11-11 00:01:09,59757
381210,2025-11-11 01:01:43,61676
381210,2025-11-11 02:01:23,63966
381210,2025-11-11 03:00:44,64262
381210,2025-11-11 04:01:39,60704
381210,2025-11-11 05:01:37,55816
381210,2025-11-11 06:01:45,51507
381210,2025-11-11 07:01:26,48973
381210,2025-11-11 08:01:51,48880
381210,2025-11-11 09:01:36,49291
381210,2025-11-11 10:00:50,48649
381210,2025-11-11 11:00:39,45086
381210,2025-11-11 12:01:39,42246
381210,2025-11-11 13:01:36,37655
381210,2025-11-11 14:01:31,34085
381210,2025-11-11 15:00:51,32218
381210,2025-11-11 16:01:37,32862
381210,2025-11-11 17:01:32,33517
381210,2025-11-11 18:00:33,38935
381210,2025-11-11 19:01:25,47538
381210,2025-11-11 20:01:38,56928
381210,2025-11-11 21:02:13,63549
381210,2025-11-11 22:01:41,63622
381210,2025-11-11 23:01:39,61607
381210,2025-11-12 00:01:43,61996
381210,2025-11-12 01:02:30,63108
381210,2025-11-12 02:01:34,65063
381210,2025-11-12 03:02:38,65393
381210,2025-11-12 04:00:34,60883
381210,2025-11-12 05:01:00,54420
381210,2025-11-12 06:00:40,49122
381210,2025-11-12 07:01:03,45251
381210,2025-11-12 08:00:33,47295
381210,2025-11-12 09:01:38,48187
381210,2025-11-12 10:01:48,47525
381210,2025-11-12 11:01:13,43486
381210,2025-11-12 12:01:38,40476
381210,2025-11-12 13:01:32,36062
381210,2025-11-12 14:01:36,32676
381210,2025-11-12 15:00:40,31090
381210,2025-11-12 16:01:43,30705
381210,2025-11-12 17:01:39,31400
381210,2025-11-12 18:01:37,36091
381210,2025-11-12 19:01:34,43752
381210,2025-11-12 20:01:40,52368
381210,2025-11-12 21:00:58,58841
381210,2025-11-12 22:01:42,58494
381210,2025-11-12 23:01:02,55087
381210,2025-11-13 00:00:58,55194
1669000,2025-11-06 23:04:52,2012
1669000,2025-11-07 00:04:49,2130
1669000,2025-11-07 01:04:40,2277
1669000,2025-11-07 02:04:07,2470
1669000,2025-11-07 03:05:33,2528
1669000,2025-11-07 04:04:27,2467
1669000,2025-11-07 05:04:29,2261
1669000,2025-11-07 06:06:02,2041
1669000,2025-11-07 07:05:31,1859
1669000,2025-11-07 08:03:27,1837
1669000,2025-11-07 09:04:06,1842
1669000,2025-11-07 10:04:45,1719
1669000,2025-11-07 11:04:29,1655
1669000,2025-11-07 12:03:19,1525
1669000,2025-11-07 13:04:23,1386
1669000,2025-11-07 14:04:33,1256
1669000,2025-11-07 15:04:17,1250
1669000,2025-11-07 16:04:29,1294
1669000,2025-11-07 17:04:31,1361
1669000,2025-11-07 18:04:21,1491
1669000,2025-11-07 19:04:33,1608
1669000,2025-11-07 20:04:48,1756
1669000,2025-11-07 21:04:42,1976
1669000,2025-11-07 22:06:06,2137
1669000,2025-11-07 23:04:12,2270
1669000,2025-11-08 00:05:23,2393
1669000,2025-11-08 01:04:49,2539
1669000,2025-11-08 02:04:36,2665
1669000,2025-11-08 03:04:00,2751
1669000,2025-11-08 04:04:21,2816
1669000,2025-11-08 05:04:30,2651
1669000,2025-11-08 06:04:26,2469
1669000,2025-11-08 07:03:46,2248
1669000,2025-11-08 08:04:24,2188
1669000,2025-11-08 09:04:55,2146
1669000,2025-11-08 10:04:43,2071
1669000,2025-11-08 11:05:22,2042
1669000,2025-11-08 12:03:39,1993
1669000,2025-11-08 13:03:49,1842
1669000,2025-11-08 14:05:01,1774
1669000,2025-11-08 15:05:32,1782
1669000,2025-11-08 16:05:10,1913
1669000,2025-11-08 17:04:19,2060
1669000,2025-11-08 18:03:36,2208
1669000,2025-11-08 19:04:27,2373
1669000,2025-11-08 20:04:30,2551
1669000,2025-11-08 21:04:32,2706
1669000,2025-11-08 22:04:45,2883
1669000,2025-11-08 23:04:47,3043
1669000,2025-11-09 00:04:28,3148
1669000,2025-11-09 01:04:37,3185
1669000,2025-11-09 02:03:40,3240
1669000,2025-11-09 03:04:28,3302
1669000,2025-11-09 04:03:41,3361
1669000,2025-11-09 05:04:21,3225
1669000,2025-11-09 06:04:41,2989
1669000,2025-11-09 07:04:36,2767
1669000,2025-11-09 08:04:00,2544
1669000,2025-11-09 09:04:26,2508
1669000,2025-11-09 10:04:22,2343
1669000,2025-11-09 11:04:19,2363
1669000,2025-11-09 12:03:55,2253
1669000,2025-11-09 13:04:40,2050
1669000,2025-11-09 14:04:17,1955
1669000,2025-11-09 15:04:16,1953
1669000,2025-11-09 16:04:13,2027
1669000,2025-11-09 17:04:14,2161
1669000,2025-11-09 18:03:47,2339
1669000,2025-11-09 19:04:26,2486
1669000,2025-11-09 20:03:43,2705
1669000,2025-11-09 21:04:30,2931
1669000,2025-11-09 22:04:29,3124
1669000,2025-11-09 23:03:26,3163
1669000,2025-11-10 00:04:27,3369
1669000,2025-11-10 01:04:29,3401
1669000,2025-11-10 02:04:31,3388
1669000,2025-11-10 03:03:28,3497
1669000,2025-11-10 04:04:26,3418
1669000,2025-11-10 05:04:31,3117
1669000,2025-11-10 06:04:30,2770
1669000,2025-11-10 07:04:44,2466
1669000,2025-11-10 08:04:40,2367
1669000,2025-11-10 09:03:20,2176
1669000,2025-11-10 10:04:21,2085
1669000,2025-11-10 11:04:15,1901
1669000,2025-11-10 12:03:41,1669
1669000,2025-11-10 13:04:18,1448
1669000,2025-11-10 14:04:04,1286
1669000,2025-11-10 15:04:13,1250
1669000,2025-11-10 16:04:23,1302
1669000,2025-11-10 17:03:12,1379
1669000,2025-11-10 18:03:41,1426
1669000,2025-11-10 19:04:24,1582
1669000,2025-11-10 20:04:21,1685
1669000,2025-11-10 21:04:28,1956
1669000,2025-11-10 22:05:46,2107
1669000,2025-11-10 23:04:48,2246
1669000,2025-11-11 00:04:13,2382
1669000,2025-11-11 01:04:58,2555
1669000,2025-11-11 02:05:14,2666
1669000,2025-11-11 03:04:42,2684
1669000,2025-11-11 04:04:50,2627
1669000,2025-11-11 05:05:32,2474
1669000,2025-11-11 06:04:39,2309
1669000,2025-11-11 07:05:22,2173
1669000,2025-11-11 08:04:46,2084
1669000,2025-11-11 09:04:49,2015
1669000,2025-11-11 10:03:41,2002
1669000,2025-11-11 11:03:26,1843
1669000,2025-11-11 12:04:22,1667
1669000,2025-11-11 13:04:21,1486
1669000,2025-11-11 14:04:14,1388
1669000,2025-11-11 15:03:34,1356
1669000,2025-11-11 16:04:17,1384
1669000,2025-11-11 17:05:01,1388
1669000,2025-11-11 18:04:19,1532
1669000,2025-11-11 19:04:13,1604
1669000,2025-11-11 20:04:34,1761
1669000,2025-11-11 21:05:18,2296
1669000,2025-11-11 22:04:45,5478
1669000,2025-11-11 23:02:26,6428
1669000,2025-11-12 00:02:28,7112
1669000,2025-11-12 01:03:09,7541
1669000,2025-11-12 02:02:11,7884
1669000,2025-11-12 03:03:14,7970
1669000,2025-11-12 04:01:10,7726
1669000,2025-11-12 05:01:38,7096
1669000,2025-11-12 06:01:16,6521
1669000,2025-11-12 07:01:40,5972
1669000,2025-11-12 08:01:10,5656
1669000,2025-11-12 09:02:15,5451
1669000,2025-11-12 10:02:25,5276
1669000,2025-11-12 11:01:48,4790
1669000,2025-11-12 12:02:12,4260
1669000,2025-11-12 13:02:06,3754
1669000,2025-11-12 14:02:09,3325
1669000,2025-11-12 15:01:15,3235
1669000,2025-11-12 16:02:18,3115
1669000,2025-11-12 17:02:13,3262
1669000,2025-11-12 18:02:13,3439
1669000,2025-11-12 19:02:27,3657
1669000,2025-11-12 20:02:19,3980
1669000,2025-11-12 21:01:42,4271
1669000,2025-11-12 22:02:28,4784
1669000,2025-11-12 23:01:51,5155
1669000,2025-11-13 00:01:44,5458
3527290,2025-11-06 23:01:50,46591
3527290,2025-11-07 00:01:44,45730
3527290,2025-11-07 01:01:38,49615
3527290,2025-11-07 02:01:08,52964
3527290,2025-11-07 03:01:39,54653
3527290,2025-11-07 04:01:33,51972
3527290,2025-11-07 05:01:35,44816
3527290,2025-11-07 06:01:34,38829
3527290,2025-11-07 07:02:38,39223
3527290,2025-11-07 08:00:34,46431
3527290,2025-11-07 09:01:12,55626
3527290,2025-11-07 10:01:37,59028
3527290,2025-11-07 11:01:39,53779
3527290,2025-11-07 12:00:33,45432
3527290,2025-11-07 13:01:35,35200
3527290,2025-11-07 14:01:48,27282
3527290,2025-11-07 15:01:32,22367
3527290,2025-11-07 16:01:43,20464
3527290,2025-11-07 17:01:43,19809
3527290,2025-11-07 18:01:32,23403
3527290,2025-11-07 19:01:03,32537
3527290,2025-11-07 20:01:29,44882
3527290,2025-11-07 21:01:32,56350
3527290,2025-11-07 22:01:42,59292
3527290,2025-11-07 23:01:08,54266
3527290,2025-11-08 00:01:49,51422
3527290,2025-11-08 01:01:33,53826
3527290,2025-11-08 02:01:35,57972
3527290,2025-11-08 03:01:05,60105
3527290,2025-11-08 04:00:56,62943
3527290,2025-11-08 05:01:37,58985
3527290,2025-11-08 06:01:34,51818
3527290,2025-11-08 07:00:53,48086
3527290,2025-11-08 08:01:31,51751
3527290,2025-11-08 09:00:37,61916
3527290,2025-11-08 10:01:37,69719
3527290,2025-11-08 11:02:34,70657
3527290,2025-11-08 12:00:52,64469
3527290,2025-11-08 13:01:01,55720
3527290,2025-11-08 14:01:59,47549
3527290,2025-11-08 15:02:15,40262
3527290,2025-11-08 16:01:35,34815
3527290,2025-11-08 17:01:31,32269
3527290,2025-11-08 18:01:36,35111
3527290,2025-11-08 19:01:29,44813
3527290,2025-11-08 20:01:33,58947
3527290,2025-11-08 21:01:34,70253
3527290,2025-11-08 22:01:32,73157
3527290,2025-11-08 23:00:49,70131
3527290,2025-11-09 00:01:34,66698
3527290,2025-11-09 01:01:40,66908
3527290,2025-11-09 02:00:49,68079
3527290,2025-11-09 03:01:37,71343
3527290,2025-11-09 04:00:52,72013
3527290,2025-11-09 05:01:32,67049
3527290,2025-11-09 06:01:36,57777
3527290,2025-11-09 07:01:40,52029
3527290,2025-11-09 08:01:11,51796
3527290,2025-11-09 09:01:37,57235
3527290,2025-11-09 10:01:34,62849
3527290,2025-11-09 11:01:34,63525
3527290,2025-11-09 12:00:56,60466
3527290,2025-11-09 13:01:41,54665
3527290,2025-11-09 14:01:33,47141
3527290,2025-11-09 15:01:33,40312
3527290,2025-11-09 16:01:32,35744
3527290,2025-11-09 17:01:32,32487
3527290,2025-11-09 18:01:05,34444
3527290,2025-11-09 19:01:39,42067
3527290,2025-11-09 20:01:43,57071
3527290,2025-11-09 21:01:34,67679
3527290,2025-11-09 22:01:35,65866
3527290,2025-11-09 23:00:35,58927
3527290,2025-11-10 00:01:37,57078
3527290,2025-11-10 01:01:41,61646
3527290,2025-11-10 02:01:42,68218
3527290,2025-11-10 03:00:37,72803
3527290,2025-11-10 04:01:38,70136
3527290,2025-11-10 05:01:37,61994
3527290,2025-11-10 06:01:42,54233
3527290,2025-11-10 07:01:26,51285
3527290,2025-11-10 08:01:53,53808
3527290,2025-11-10 09:00:34,56886
3527290,2025-11-10 10:01:37,55843
3527290,2025-11-10 11:01:36,49561
3527290,2025-11-10 12:00:55,41096
3527290,2025-11-10 13:01:41,31903
3527290,2025-11-10 14:01:26,25372
3527290,2025-11-10 15:01:38,21567
3527290,2025-11-10 16:01:33,20051
3527290,2025-11-10 17:00:37,19347
3527290,2025-11-10 18:01:02,22800
3527290,2025-11-10 19:01:41,30914
3527290,2025-11-10 20:01:33,42702
3527290,2025-11-10 21:01:28,52564
3527290,2025-11-10 22:01:40,49848
3527290,2025-11-10 23:01:47,42563
3527290,2025-11-11 00:01:09,40877
3527290,2025-11-11 01:01:45,44631
3527290,2025-11-11 02:01:24,47337
3527290,2025-11-11 03:00:46,49534
3527290,2025-11-11 04:01:41,48338
3527290,2025-11-11 05:01:39,43072
3527290,2025-11-11 06:01:47,37472
3527290,2025-11-11 07:01:28,36863
3527290,2025-11-11 08:01:52,41076
3527290,2025-11-11 09:01:38,45778
3527290,2025-11-11 10:00:52,48047
3527290,2025-11-11 11:00:41,44807
3527290,2025-11-11 12:01:42,38958
3527290,2025-11-11 13:01:38,32140
3527290,2025-11-11 14:01:33,26251
3527290,2025-11-11 15:00:53,22107
3527290,2025-11-11 16:01:38,20782
3527290,2025-11-11 17:01:33,20040
3527290,2025-11-11 18:00:33,22987
3527290,2025-11-11 19:01:25,31285
3527290,2025-11-11 20:01:39,43458
3527290,2025-11-11 21:02:14,53098
3527290,2025-11-11 22:01:42,50700
3527290,2025-11-11 23:01:39,42788
3527290,2025-11-12 00:01:44,41409
3527290,2025-11-12 01:02:30,44322
3527290,2025-11-12 02:01:35,48249
3527290,2025-11-12 03:02:39,50789
3527290,2025-11-12 04:00:35,47742
3527290,2025-11-12 05:01:02,41301
3527290,2025-11-12 06:00:42,35013
3527290,2025-11-12 07:01:04,33483
3527290,2025-11-12 08:00:35,37785
3527290,2025-11-12 09:01:39,42903
3527290,2025-11-12 10:01:49,44195
3527290,2025-11-12 11:01:15,40832
3527290,2025-11-12 12:01:39,35658
3527290,2025-11-12 13:01:34,28657
3527290,2025-11-12 14:01:37,23247
3527290,2025-11-12 15:00:42,20208
3527290,2025-11-12 16:01:44,18515
3527290,2025-11-12 17:01:40,17369
3527290,2025-11-12 18:00:59,20168
3527290,2025-11-12 19:01:34,28038
3527290,2025-11-12 20:01:41,39604
3527290,2025-11-12 21:00:59,48996
3527290,2025-11-12 22:01:43,46444
3527290,2025-11-12 23:01:02,37406
3527290,2025-11-13 00:00:59,34505
2622380,2025-11-06 23:01:55,17577
2622380,2025-11-07 00:01:50,13271
2622380,2025-11-07 01:01:44,11211
2622380,2025-11-07 02:01:14,10475
2622380,2025-11-07 03:01:44,10310
2622380,2025-11-07 04:01:40,10188
2622380,2025-11-07 05:01:42,9279
2622380,2025-11-07 06:01:40,8413
2622380,2025-11-07 07:02:44,8177
2622380,2025-11-07 08:00:40,8889
2622380,2025-11-07 09:01:19,10211
2622380,2025-11-07 10:02:02,11424
2622380,2025-11-07 11:01:56,11547
2622380,2025-11-07 12:00:53,12090
2622380,2025-11-07 13:01:58,11681
2622380,2025-11-07 14:02:10,11700
2622380,2025-11-07 15:01:54,11911
2622380,2025-11-07 16:02:05,12232
2622380,2025-11-07 17:02:04,12496
2622380,2025-11-07 18:01:52,15399
2622380,2025-11-07 19:01:19,21071
2622380,2025-11-07 20:01:40,27062
2622380,2025-11-07 21:01:39,31067
2622380,2025-11-07 22:02:03,29307
2622380,2025-11-07 23:01:14,23503
2622380,2025-11-08 00:01:55,18508
2622380,2025-11-08 01:01:40,14973
2622380,2025-11-08 02:01:41,12660
2622380,2025-11-08 03:01:12,11848
2622380,2025-11-08 04:01:03,11381
2622380,2025-11-08 05:01:44,11102
2622380,2025-11-08 06:01:42,10623
2622380,2025-11-08 07:01:01,10519
2622380,2025-11-08 08:01:38,11883
2622380,2025-11-08 09:00:44,14083
2622380,2025-11-08 10:01:45,15724
2622380,2025-11-08 11:02:51,16666
2622380,2025-11-08 12:01:09,18709
2622380,2025-11-08 13:01:18,20534
2622380,2025-11-08 14:02:14,21659
2622380,2025-11-08 15:02:28,21642
2622380,2025-11-08 16:01:49,20006
2622380,2025-11-08 17:01:45,17974
2622380,2025-11-08 18:01:49,19192
2622380,2025-11-08 19:01:42,24572
2622380,2025-11-08 20:01:44,29773
2622380,2025-11-08 21:01:43,32720
2622380,2025-11-08 22:01:40,31071
2622380,2025-11-08 23:01:59,25679
2622380,2025-11-09 00:01:44,20882
2622380,2025-11-09 01:01:49,16904
2622380,2025-11-09 02:00:58,14594
2622380,2025-11-09 03:01:47,13558
2622380,2025-11-09 04:01:01,13046
2622380,2025-11-09 05:01:41,12443
2622380,2025-11-09 06:01:46,11778
2622380,2025-11-09 07:01:49,11572
2622380,2025-11-09 08:01:21,12665
2622380,2025-11-09 09:01:47,14827
2622380,2025-11-09 10:01:44,16764
2622380,2025-11-09 11:01:47,17812
2622380,2025-11-09 12:01:12,20468
2622380,2025-11-09 13:01:58,22302
2622380,2025-11-09 14:01:48,23357
2622380,2025-11-09 15:01:47,22826
2622380,2025-11-09 16:01:45,20710
2622380,2025-11-09 17:01:45,17851
2622380,2025-11-09 18:01:16,18735
2622380,2025-11-09 19:01:50,23362
2622380,2025-11-09 20:01:55,29231
2622380,2025-11-09 21:01:43,30614
2622380,2025-11-09 22:01:44,25753
2622380,2025-11-09 23:00:44,19482
2622380,2025-11-10 00:01:46,15298
2622380,2025-11-10 01:01:50,13252
2622380,2025-11-10 02:01:51,12781
2622380,2025-11-10 03:00:46,12852
2622380,2025-11-10 04:01:48,12602
2622380,2025-11-10 05:01:47,11672
2622380,2025-11-10 06:01:52,10332
2622380,2025-11-10 07:01:36,9685
2622380,2025-11-10 08:02:03,10151
2622380,2025-11-10 09:00:43,10874
2622380,2025-11-10 10:01:49,11591
2622380,2025-11-10 11:01:56,11531
2622380,2025-11-10 12:01:16,11745
2622380,2025-11-10 13:02:05,10902
2622380,2025-11-10 14:01:51,10941
2622380,2025-11-10 15:02:01,11129
2622380,2025-11-10 16:01:56,11471
2622380,2025-11-10 17:01:00,11684
2622380,2025-11-10 18:01:25,14708
2622380,2025-11-10 19:01:58,20715
2622380,2025-11-10 20:01:44,26024
2622380,2025-11-10 21:01:34,27878
2622380,2025-11-10 22:01:46,22861
2622380,2025-11-10 23:01:53,16697
2622380,2025-11-11 00:01:16,12877
2622380,2025-11-11 01:01:51,11092
2622380,2025-11-11 02:02:02,10521
2622380,2025-11-11 03:00:52,10378
2622380,2025-11-11 04:01:47,10159
2622380,2025-11-11 05:01:46,9476
2622380,2025-11-11 06:01:53,8649
2622380,2025-11-11 07:01:35,8514
2622380,2025-11-11 08:01:59,9329
2622380,2025-11-11 09:01:44,10556
2622380,2025-11-11 10:01:02,11215
2622380,2025-11-11 11:00:57,11387
2622380,2025-11-11 12:02:05,11917
2622380,2025-11-11 13:02:00,11428
2622380,2025-11-11 14:01:55,11080
2622380,2025-11-11 15:01:15,11499
2622380,2025-11-11 16:01:59,11776
2622380,2025-11-11 17:01:54,11956
2622380,2025-11-11 18:00:53,15005
2622380,2025-11-11 19:01:41,20669
2622380,2025-11-11 20:01:49,26577
2622380,2025-11-11 21:02:20,28564
2622380,2025-11-11 22:01:49,23748
2622380,2025-11-11 23:01:46,17432
2622380,2025-11-12 00:01:52,13367
2622380,2025-11-12 01:02:38,11544
2622380,2025-11-12 02:01:42,10885
2622380,2025-11-12 03:02:46,10764
2622380,2025-11-12 04:00:43,10206
2622380,2025-11-12 05:01:09,9325
2622380,2025-11-12 06:00:49,8858
2622380,2025-11-12 07:01:12,9873
2622380,2025-11-12 08:00:42,11450
2622380,2025-11-12 09:01:47,13179
2622380,2025-11-12 10:02:00,14105
2622380,2025-11-12 11:01:31,14062
2622380,2025-11-12 12:01:58,14786
2622380,2025-11-12 13:01:52,13994
2622380,2025-11-12 14:01:54,13592
2622380,2025-11-12 15:00:59,13510
2622380,2025-11-12 16:01:59,13902
2622380,2025-11-12 17:01:55,14156
2622380,2025-11-12 18:01:52,17938
2622380,2025-11-12 19:01:46,24795
2622380,2025-11-12 20:01:46,31778
2622380,2025-11-12 21:01:03,34521
2622380,2025-11-12 22:01:46,28786
2622380,2025-11-12 23:01:06,20930
2622380,2025-11-13 00:01:02,16284
1203620,2025-11-06 23:02:30,6499
1203620,2025-11-07 00:02:26,7113
1203620,2025-11-07 01:02:14,7620
1203620,2025-11-07 02:01:43,8142
1203620,2025-11-07 03:02:12,8742
1203620,2025-11-07 04:01:03,8300
1203620,2025-11-07 05:02:08,7045
1203620,2025-11-07 06:02:07,5826
1203620,2025-11-07 07:03:10,5086
1203620,2025-11-07 08:01:07,4927
1203620,2025-11-07 09:01:44,4808
1203620,2025-11-07 10:02:24,4584
1203620,2025-11-07 11:02:11,4182
1203620,2025-11-07 12:01:03,3654
1203620,2025-11-07 13:02:05,3288
1203620,2025-11-07 14:02:18,3082
1203620,2025-11-07 15:02:03,3122
1203620,2025-11-07 16:02:18,3366
1203620,2025-11-07 17:02:17,3648
1203620,2025-11-07 18:02:09,4043
1203620,2025-11-07 19:02:16,4685
1203620,2025-11-07 20:02:16,5468
1203620,2025-11-07 21:02:16,6306
1203620,2025-11-07 22:02:38,6905
1203620,2025-11-07 23:01:47,7360
1203620,2025-11-08 00:01:22,7743
1203620,2025-11-08 01:02:08,8229
1203620,2025-11-08 02:01:05,8842
1203620,2025-11-08 03:01:38,9510
1203620,2025-11-08 04:01:28,9617
1203620,2025-11-08 05:02:08,8929
1203620,2025-11-08 06:02:05,7674
1203620,2025-11-08 07:01:24,6560
1203620,2025-11-08 08:02:02,5906
1203620,2025-11-08 09:01:15,5823
1203620,2025-11-08 10:02:08,5736
1203620,2025-11-08 11:03:04,5466
1203620,2025-11-08 12:01:22,5190
1203620,2025-11-08 13:01:31,4898
1203620,2025-11-08 14:02:30,4664
1203620,2025-11-08 15:02:44,4736
1203620,2025-11-08 16:02:06,5121
1203620,2025-11-08 17:02:03,5695
1203620,2025-11-08 18:02:12,6288
1203620,2025-11-08 19:02:09,7141
1203620,2025-11-08 20:02:11,7950
1203620,2025-11-08 21:02:12,8981
1203620,2025-11-08 22:02:07,9959
1203620,2025-11-08 23:02:24,10601
1203620,2025-11-09 00:02:08,10512
1203620,2025-11-09 01:02:13,10730
1203620,2025-11-09 02:01:22,10995
1203620,2025-11-09 03:02:10,11354
1203620,2025-11-09 04:01:23,11520
1203620,2025-11-09 05:02:03,10708
1203620,2025-11-09 06:02:23,9468
1203620,2025-11-09 07:02:11,8151
1203620,2025-11-09 08:01:42,7217
1203620,2025-11-09 09:02:08,6811
1203620,2025-11-09 10:02:04,6646
1203620,2025-11-09 11:02:04,6336
1203620,2025-11-09 12:01:26,5966
1203620,2025-11-09 13:02:09,5587
1203620,2025-11-09 14:02:01,5420
1203620,2025-11-09 15:02:01,5596
1203620,2025-11-09 16:01:58,6235
1203620,2025-11-09 17:02:01,7064
1203620,2025-11-09 18:01:36,8081
1203620,2025-11-09 19:02:14,8905
1203620,2025-11-09 20:02:16,10035
1203620,2025-11-09 21:02:05,11301
1203620,2025-11-09 22:02:03,12160
1203620,2025-11-09 23:01:03,12629
1203620,2025-11-10 00:02:04,12438
1203620,2025-11-10 01:02:08,12536
1203620,2025-11-10 02:02:10,13100
1203620,2025-11-10 03:01:04,13155
1203620,2025-11-10 04:02:06,12490
1203620,2025-11-10 05:02:05,10825
1203620,2025-11-10 06:02:10,9081
1203620,2025-11-10 07:01:54,7808
1203620,2025-11-10 08:02:21,7176
1203620,2025-11-10 09:01:01,6647
1203620,2025-11-10 10:02:03,5953
1203620,2025-11-10 11:02:01,5251
1203620,2025-11-10 12:01:20,4518
1203620,2025-11-10 13:02:06,3899
1203620,2025-11-10 14:01:51,3590
1203620,2025-11-10 15:02:02,3626
1203620,2025-11-10 16:01:57,4058
1203620,2025-11-10 17:01:02,4508
1203620,2025-11-10 18:01:31,5149
1203620,2025-11-10 19:02:14,5681
1203620,2025-11-10 20:02:08,6540
1203620,2025-11-10 21:02:06,7315
1203620,2025-11-10 22:02:17,15656
1203620,2025-11-10 23:02:05,20458
1203620,2025-11-11 00:01:22,23694
1203620,2025-11-11 01:01:55,26286
1203620,2025-11-11 02:02:04,29129
1203620,2025-11-11 03:00:51,30931
1203620,2025-11-11 04:01:46,30051
1203620,2025-11-11 05:01:44,27200
1203620,2025-11-11 06:01:52,24389
1203620,2025-11-11 07:01:33,22143
1203620,2025-11-11 08:01:58,21243
1203620,2025-11-11 09:01:43,21077
1203620,2025-11-11 10:00:56,19911
1203620,2025-11-11 11:00:45,17411
1203620,2025-11-11 12:01:45,15255
1203620,2025-11-11 13:01:41,13266
1203620,2025-11-11 14:01:36,12298
1203620,2025-11-11 15:00:57,12315
1203620,2025-11-11 16:01:42,13479
1203620,2025-11-11 17:01:39,14892
1203620,2025-11-11 18:00:40,16760
1203620,2025-11-11 19:01:33,18704
1203620,2025-11-11 20:01:49,21652
1203620,2025-11-11 21:02:26,24959
1203620,2025-11-11 22:01:53,27506
1203620,2025-11-11 23:01:47,29625
1203620,2025-11-12 00:01:51,30493
1203620,2025-11-12 01:02:37,32992
1203620,2025-11-12 02:01:40,35349
1203620,2025-11-12 03:02:44,36437
1203620,2025-11-12 04:00:40,34444
1203620,2025-11-12 05:01:06,30360
1203620,2025-11-12 06:00:46,25953
1203620,2025-11-12 07:01:09,23480
1203620,2025-11-12 08:00:39,22707
1203620,2025-11-12 09:01:43,22416
1203620,2025-11-12 10:01:53,21035
1203620,2025-11-12 11:01:18,18542
1203620,2025-11-12 12:01:43,15899
1203620,2025-11-12 13:01:38,13934
1203620,2025-11-12 14:01:41,12690
1203620,2025-11-12 15:00:46,12563
1203620,2025-11-12 16:01:47,13346
1203620,2025-11-12 17:01:45,14237
1203620,2025-11-12 18:01:44,15714
1203620,2025-11-12 19:01:41,17790
1203620,2025-11-12 20:01:48,20520
1203620,2025-11-12 21:01:10,23222
1203620,2025-11-12 22:01:53,25145
1203620,2025-11-12 23:01:11,26743
1203620,2025-11-13 00:01:05,28429
1903340,2025-11-06 23:02:11,11785
1903340,2025-11-07 00:02:09,11300
1903340,2025-11-07 01:02:00,11446
1903340,2025-11-07 02:01:31,11653
1903340,2025-11-07 03:02:03,12162
1903340,2025-11-07 04:01:58,12439
1903340,2025-11-07 05:02:00,11266
1903340,2025-11-07 06:01:59,9844
1903340,2025-11-07 07:03:02,8811
1903340,2025-11-07 08:00:58,8610
1903340,2025-11-07 09:01:36,8875
1903340,2025-11-07 10:02:16,9217
1903340,2025-11-07 11:02:03,8839
1903340,2025-11-07 12:00:55,8557
1903340,2025-11-07 13:01:57,7549
1903340,2025-11-07 14:02:09,7001
1903340,2025-11-07 15:01:54,7035
1903340,2025-11-07 16:02:04,7308
1903340,2025-11-07 17:02:06,7785
1903340,2025-11-07 18:01:57,8785
1903340,2025-11-07 19:01:30,10018
1903340,2025-11-07 20:01:55,11595
1903340,2025-11-07 21:01:57,12919
1903340,2025-11-07 22:02:20,13710
1903340,2025-11-07 23:01:30,13392
1903340,2025-11-08 00:02:11,12918
1903340,2025-11-08 01:01:55,12385
1903340,2025-11-08 02:02:01,12309
1903340,2025-11-08 03:01:28,12807
1903340,2025-11-08 04:01:20,13200
1903340,2025-11-08 05:02:00,12806
1903340,2025-11-08 06:01:58,11567
1903340,2025-11-08 07:01:17,10260
1903340,2025-11-08 08:01:54,9875
1903340,2025-11-08 09:01:00,10290
1903340,2025-11-08 10:02:00,11106
1903340,2025-11-08 11:02:56,11090
1903340,2025-11-08 12:01:15,11101
1903340,2025-11-08 13:01:24,10889
1903340,2025-11-08 14:02:22,10653
1903340,2025-11-08 15:02:37,10684
1903340,2025-11-08 16:01:58,11162
1903340,2025-11-08 17:01:55,11599
1903340,2025-11-08 18:02:01,12344
1903340,2025-11-08 19:01:54,13624
1903340,2025-11-08 20:01:55,15064
1903340,2025-11-08 21:01:56,16688
1903340,2025-11-08 22:01:53,17459
1903340,2025-11-08 23:02:11,17481
1903340,2025-11-09 00:01:56,16840
1903340,2025-11-09 01:02:01,15765
1903340,2025-11-09 02:01:10,15173
1903340,2025-11-09 03:01:59,15328
1903340,2025-11-09 04:01:14,15730
1903340,2025-11-09 05:01:54,15144
1903340,2025-11-09 06:02:14,13647
1903340,2025-11-09 07:02:02,12153
1903340,2025-11-09 08:01:33,11458
1903340,2025-11-09 09:01:59,11662
1903340,2025-11-09 10:01:56,12360
1903340,2025-11-09 11:01:54,12419
1903340,2025-11-09 12:01:16,12211
1903340,2025-11-09 13:02:02,11946
1903340,2025-11-09 14:01:55,11437
1903340,2025-11-09 15:01:54,11175
1903340,2025-11-09 16:01:52,11494
1903340,2025-11-09 17:01:53,12061
1903340,2025-11-09 18:01:27,12829
1903340,2025-11-09 19:02:02,13787
1903340,2025-11-09 20:02:06,16073
1903340,2025-11-09 21:01:54,18136
1903340,2025-11-09 22:01:53,18354
1903340,2025-11-09 23:00:53,17597
1903340,2025-11-10 00:01:55,16698
1903340,2025-11-10 01:01:59,16442
1903340,2025-11-10 02:02:02,16143
1903340,2025-11-10 03:00:57,16812
1903340,2025-11-10 04:01:59,16633
1903340,2025-11-10 05:01:58,15074
1903340,2025-11-10 06:02:03,13094
1903340,2025-11-10 07:01:46,11291
1903340,2025-11-10 08:02:13,10597
1903340,2025-11-10 09:00:54,10441
1903340,2025-11-10 10:01:56,10097
1903340,2025-11-10 11:01:55,9300
1903340,2025-11-10 12:01:15,8509
1903340,2025-11-10 13:02:00,7333
1903340,2025-11-10 14:01:45,6555
1903340,2025-11-10 15:01:56,6426
1903340,2025-11-10 16:01:52,6780
1903340,2025-11-10 17:00:55,7452
1903340,2025-11-10 18:01:23,8479
1903340,2025-11-10 19:02:04,9931
1903340,2025-11-10 20:01:57,11591
1903340,2025-11-10 21:01:50,13038
1903340,2025-11-10 22:02:02,13155
1903340,2025-11-10 23:02:10,12390
1903340,2025-11-11 00:01:31,12086
1903340,2025-11-11 01:02:07,12174
1903340,2025-11-11 02:02:19,12475
1903340,2025-11-11 03:01:09,13070
1903340,2025-11-11 04:02:04,13400
1903340,2025-11-11 05:03:04,12612
1903340,2025-11-11 06:02:10,11117
1903340,2025-11-11 07:01:51,9884
1903340,2025-11-11 08:02:15,9573
1903340,2025-11-11 09:02:00,9677
1903340,2025-11-11 10:01:13,9849
1903340,2025-11-11 11:01:01,9357
1903340,2025-11-11 12:02:00,8796
1903340,2025-11-11 13:01:56,7771
1903340,2025-11-11 14:01:51,6999
1903340,2025-11-11 15:01:12,7014
1903340,2025-11-11 16:01:56,7488
1903340,2025-11-11 17:01:52,8244
1903340,2025-11-11 18:00:55,9207
1903340,2025-11-11 19:01:50,10617
1903340,2025-11-11 20:02:02,12516
1903340,2025-11-11 21:02:36,14153
1903340,2025-11-11 22:02:04,14522
1903340,2025-11-11 23:02:00,13813
1903340,2025-11-12 00:02:07,13572
1903340,2025-11-12 01:02:52,13500
1903340,2025-11-12 02:01:56,13701
1903340,2025-11-12 03:03:01,14348
1903340,2025-11-12 04:00:57,14298
1903340,2025-11-12 05:01:24,12876
1903340,2025-11-12 06:01:03,11046
1903340,2025-11-12 07:01:27,9752
1903340,2025-11-12 08:00:56,9526
1903340,2025-11-12 09:02:01,9680
1903340,2025-11-12 10:02:10,9727
1903340,2025-11-12 11:01:34,9099
1903340,2025-11-12 12:01:58,8523
1903340,2025-11-12 13:01:53,7266
1903340,2025-11-12 14:01:55,6691
1903340,2025-11-12 15:01:00,6531
1903340,2025-11-12 16:02:02,6565
1903340,2025-11-12 17:02:01,7006
1903340,2025-11-12 18:02:01,7727
1903340,2025-11-12 19:00:56,9054
1903340,2025-11-12 20:02:05,10567
1903340,2025-11-12 21:01:25,11791
1903340,2025-11-12 22:02:05,12060
1903340,2025-11-12 23:01:25,11209
1903340,2025-11-13 00:01:22,10921
3167020,2025-11-06 23:01:45,123875
3167020,2025-11-07 00:01:40,81515
3167020,2025-11-07 01:01:33,56306
3167020,2025-11-07 02:01:03,41570
3167020,2025-11-07 03:01:34,33305
3167020,2025-11-07 04:01:29,27925
3167020,2025-11-07 05:01:30,25059
3167020,2025-11-07 06:01:29,23791
3167020,2025-11-07 07:02:33,26116
3167020,2025-11-07 08:00:29,36128
3167020,2025-11-07 09:01:07,49163
3167020,2025-11-07 10:01:32,62041
3167020,2025-11-07 11:01:36,68947
3167020,2025-11-07 12:00:31,83117
3167020,2025-11-07 13:01:33,78909
3167020,2025-11-07 14:01:46,81950
3167020,2025-11-07 15:01:30,87803
3167020,2025-11-07 16:01:41,92277
3167020,2025-11-07 17:01:42,95743
3167020,2025-11-07 18:01:31,114637
3167020,2025-11-07 19:01:01,138797
3167020,2025-11-07 20:01:26,159681
3167020,2025-11-07 21:01:28,172631
3167020,2025-11-07 22:01:38,166554
3167020,2025-11-07 23:01:04,137061
3167020,2025-11-08 00:01:45,98662
3167020,2025-11-08 01:01:30,69202
3167020,2025-11-08 02:01:31,49609
3167020,2025-11-08 03:01:01,37994
3167020,2025-11-08 04:00:52,31577
3167020,2025-11-08 05:01:33,28510
3167020,2025-11-08 06:01:30,28506
3167020,2025-11-08 07:00:49,33771
3167020,2025-11-08 08:01:27,48466
3167020,2025-11-08 09:00:33,71725
3167020,2025-11-08 10:01:33,94487
3167020,2025-11-08 11:02:32,104960
3167020,2025-11-08 12:00:50,118324
3167020,2025-11-08 13:00:58,126940
3167020,2025-11-08 14:01:56,133194
3167020,2025-11-08 15:02:12,139007
3167020,2025-11-08 16:01:33,139175
3167020,2025-11-08 17:01:29,132301
3167020,2025-11-08 18:01:33,138653
3167020,2025-11-08 19:00:33,153297
3167020,2025-11-08 20:01:30,166549
3167020,2025-11-08 21:01:31,174555
3167020,2025-11-08 22:01:29,167745
3167020,2025-11-08 23:00:45,140806
3167020,2025-11-09 00:01:31,104669
3167020,2025-11-09 01:01:37,74978
3167020,2025-11-09 02:00:46,54686
3167020,2025-11-09 03:01:34,41934
3167020,2025-11-09 04:00:48,34551
3167020,2025-11-09 05:01:28,30956
3167020,2025-11-09 06:01:33,30470
3167020,2025-11-09 07:01:36,35490
3167020,2025-11-09 08:01:08,50173
3167020,2025-11-09 09:01:34,75001
3167020,2025-11-09 10:01:30,100151
3167020,2025-11-09 11:01:31,111709
3167020,2025-11-09 12:00:53,125347
3167020,2025-11-09 13:01:38,136217
3167020,2025-11-09 14:01:30,141618
3167020,2025-11-09 15:01:30,140239
3167020,2025-11-09 16:01:28,139786
3167020,2025-11-09 17:01:29,131516
3167020,2025-11-09 18:01:02,134217
3167020,2025-11-09 19:01:36,143577
3167020,2025-11-09 20:01:40,160891
3167020,2025-11-09 21:01:30,163965
3167020,2025-11-09 22:01:31,144169
3167020,2025-11-09 23:00:31,106373
3167020,2025-11-10 00:01:33,70785
3167020,2025-11-10 01:01:37,50214
3167020,2025-11-10 02:01:38,38251
3167020,2025-11-10 03:00:32,31225
3167020,2025-11-10 04:01:34,26682
3167020,2025-11-10 05:01:33,23704
3167020,2025-11-10 06:01:38,21954
3167020,2025-11-10 07:01:22,23045
3167020,2025-11-10 08:01:49,29909
3167020,2025-11-10 09:00:29,39618
3167020,2025-11-10 10:01:33,49684
3167020,2025-11-10 11:01:36,55468
3167020,2025-11-10 12:00:56,66162
3167020,2025-11-10 13:01:41,61199
3167020,2025-11-10 14:01:27,63773
3167020,2025-11-10 15:01:38,69675
3167020,2025-11-10 16:01:33,74251
3167020,2025-11-10 17:00:35,78828
3167020,2025-11-10 18:01:01,98207
3167020,2025-11-10 19:01:39,122350
3167020,2025-11-10 20:01:30,142000
3167020,2025-11-10 21:01:24,151363
3167020,2025-11-10 22:01:36,135634
3167020,2025-11-10 23:01:43,97699
3167020,2025-11-11 00:01:05,63143
3167020,2025-11-11 01:01:40,43704
3167020,2025-11-11 02:01:20,32976
3167020,2025-11-11 03:00:41,26850
3167020,2025-11-11 04:01:36,22836
3167020,2025-11-11 05:01:34,20623
3167020,2025-11-11 06:01:42,19613
3167020,2025-11-11 07:01:23,21314
3167020,2025-11-11 08:01:48,28873
3167020,2025-11-11 09:01:33,38795
3167020,2025-11-11 10:00:47,48679
3167020,2025-11-11 11:00:37,54254
3167020,2025-11-11 12:01:40,64869
3167020,2025-11-11 13:01:35,60335
3167020,2025-11-11 14:01:31,62449
3167020,2025-11-11 15:00:51,67691
3167020,2025-11-11 16:01:36,71499
3167020,2025-11-11 17:01:31,75838
3167020,2025-11-11 18:00:31,93477
3167020,2025-11-11 19:01:23,115419
3167020,2025-11-11 20:01:35,135209
3167020,2025-11-11 21:02:10,144140
3167020,2025-11-11 22:01:37,129193
3167020,2025-11-11 23:01:35,93577
3167020,2025-11-12 00:01:40,61232
3167020,2025-11-12 01:02:27,41578
3167020,2025-11-12 02:01:31,31754
3167020,2025-11-12 03:02:34,26236
3167020,2025-11-12 04:00:31,22343
3167020,2025-11-12 05:00:57,19646
3167020,2025-11-12 06:00:37,18541
3167020,2025-11-12 07:01:00,20027
3167020,2025-11-12 08:00:30,27459
3167020,2025-11-12 09:01:35,37119
3167020,2025-11-12 10:01:45,46824
3167020,2025-11-12 11:01:11,47310
3167020,2025-11-12 12:01:38,62763
3167020,2025-11-12 13:01:33,58875
3167020,2025-11-12 14:01:36,60813
3167020,2025-11-12 15:00:41,64849
3167020,2025-11-12 16:01:42,68906
3167020,2025-11-12 17:01:37,71516
3167020,2025-11-12 18:01:35,87878
3167020,2025-11-12 19:01:32,110033
3167020,2025-11-12 20:01:37,127645
3167020,2025-11-12 21:00:54,136093
3167020,2025-11-12 22:01:38,123249
3167020,2025-11-12 23:00:58,89334
3167020,2025-11-13 00:00:55,57670
2399830,2025-11-06 23:02:03,19333
2399830,2025-11-07 00:02:00,19653
2399830,2025-11-07 01:01:51,20176
2399830,2025-11-07 02:01:20,20463
2399830,2025-11-07 03:01:52,20523
2399830,2025-11-07 04:01:47,19916
2399830,2025-11-07 05:01:49,19074
2399830,2025-11-07 06:01:48,18258
2399830,2025-11-07 07:02:51,17833
2399830,2025-11-07 08:00:48,17949
2399830,2025-11-07 09:01:26,17740
2399830,2025-11-07 10:02:06,16940
2399830,2025-11-07 11:01:53,15809
2399830,2025-11-07 12:00:45,14729
2399830,2025-11-07 13:01:48,13755
2399830,2025-11-07 14:02:00,13180
2399830,2025-11-07 15:01:44,12940
2399830,2025-11-07 16:01:55,13416
2399830,2025-11-07 17:01:55,14334
2399830,2025-11-07 18:01:43,15387
2399830,2025-11-07 19:01:15,16929
2399830,2025-11-07 20:01:43,18499
2399830,2025-11-07 21:01:46,20029
2399830,2025-11-07 22:02:11,20789
2399830,2025-11-07 23:01:22,21287
2399830,2025-11-08 00:02:04,21418
2399830,2025-11-08 01:01:47,21670
2399830,2025-11-08 02:01:49,21745
2399830,2025-11-08 03:01:19,22076
2399830,2025-11-08 04:01:10,22302
2399830,2025-11-08 05:01:50,19399
2399830,2025-11-08 06:01:48,16729
2399830,2025-11-08 07:01:07,17576
2399830,2025-11-08 08:01:44,18403
2399830,2025-11-08 09:00:50,18732
2399830,2025-11-08 10:01:51,18722
2399830,2025-11-08 11:02:47,18245
2399830,2025-11-08 12:01:05,17775
2399830,2025-11-08 13:01:13,17031
2399830,2025-11-08 14:02:11,16620
2399830,2025-11-08 15:02:26,16582
2399830,2025-11-08 16:01:51,16919
2399830,2025-11-08 17:01:47,17894
2399830,2025-11-08 18:01:51,19139
2399830,2025-11-08 19:01:44,20772
2399830,2025-11-08 20:01:46,22487
2399830,2025-11-08 21:01:48,24058
2399830,2025-11-08 22:01:45,25261
2399830,2025-11-08 23:02:04,25737
2399830,2025-11-09 00:01:49,25836
2399830,2025-11-09 01:01:54,25842
2399830,2025-11-09 02:01:02,25568
2399830,2025-11-09 03:01:51,25724
2399830,2025-11-09 04:01:05,25738
2399830,2025-11-09 05:01:45,25374
2399830,2025-11-09 06:01:50,24393
2399830,2025-11-09 07:01:53,23616
2399830,2025-11-09 08:01:24,23095
2399830,2025-11-09 09:01:50,22686
2399830,2025-11-09 10:01:47,22230
2399830,2025-11-09 11:01:47,21457
2399830,2025-11-09 12:01:08,20844
2399830,2025-11-09 13:01:53,20038
2399830,2025-11-09 14:01:45,19427
2399830,2025-11-09 15:01:45,19274
2399830,2025-11-09 16:01:42,19833
2399830,2025-11-09 17:01:43,20767
2399830,2025-11-09 18:01:16,21971
2399830,2025-11-09 19:01:50,23502
2399830,2025-11-09 20:01:55,25211
2399830,2025-11-09 21:01:45,26631
2399830,2025-11-09 22:01:47,27154
2399830,2025-11-09 23:00:47,27185
2399830,2025-11-10 00:01:48,27060
2399830,2025-11-10 01:01:53,27191
2399830,2025-11-10 02:01:54,27432
2399830,2025-11-10 03:00:48,27310
2399830,2025-11-10 04:01:50,26222
2399830,2025-11-10 05:01:49,24557
2399830,2025-11-10 06:01:54,22797
2399830,2025-11-10 07:01:38,21369
2399830,2025-11-10 08:02:05,20461
2399830,2025-11-10 09:00:45,19829
2399830,2025-11-10 10:01:00,18707
2399830,2025-11-10 11:01:46,17240
2399830,2025-11-10 12:01:06,16095
2399830,2025-11-10 13:01:52,14667
2399830,2025-11-10 14:01:37,13767
2399830,2025-11-10 15:01:48,13514
2399830,2025-11-10 16:01:44,13875
2399830,2025-11-10 17:00:47,14857
2399830,2025-11-10 18:01:13,16065
2399830,2025-11-10 19:01:51,17626
2399830,2025-11-10 20:01:45,19079
2399830,2025-11-10 21:01:41,20162
2399830,2025-11-10 22:01:52,20564
2399830,2025-11-10 23:01:59,20833
2399830,2025-11-11 00:01:22,21254
2399830,2025-11-11 01:01:57,21778
2399830,2025-11-11 02:02:08,22248
2399830,2025-11-11 03:00:58,22140
2399830,2025-11-11 04:01:53,19357
2399830,2025-11-11 05:02:54,20354
2399830,2025-11-11 06:01:59,19908
2399830,2025-11-11 07:01:41,19403
2399830,2025-11-11 08:02:05,19244
2399830,2025-11-11 09:01:50,18759
2399830,2025-11-11 10:01:03,18081
2399830,2025-11-11 11:00:51,16826
2399830,2025-11-11 12:01:51,15642
2399830,2025-11-11 13:01:48,14364
2399830,2025-11-11 14:01:43,13625
2399830,2025-11-11 15:01:03,13546
2399830,2025-11-11 16:01:49,14053
2399830,2025-11-11 17:01:43,15122
2399830,2025-11-11 18:00:43,16557
2399830,2025-11-11 19:01:35,18133
2399830,2025-11-11 20:01:51,19828
2399830,2025-11-11 21:02:27,21143
2399830,2025-11-11 22:01:57,21768
2399830,2025-11-11 23:01:52,22072
2399830,2025-11-12 00:01:57,22320
2399830,2025-11-12 01:02:43,22468
2399830,2025-11-12 02:01:47,22780
2399830,2025-11-12 03:02:51,17185
2399830,2025-11-12 04:00:48,17482
2399830,2025-11-12 05:01:15,17542
2399830,2025-11-12 06:00:55,17116
2399830,2025-11-12 07:01:18,16941
2399830,2025-11-12 08:00:48,17012
2399830,2025-11-12 09:01:52,16918
2399830,2025-11-12 10:02:02,16425
2399830,2025-11-12 11:01:26,15273
2399830,2025-11-12 12:01:51,14532
2399830,2025-11-12 13:01:45,13295
2399830,2025-11-12 14:01:48,12631
2399830,2025-11-12 15:00:58,12414
2399830,2025-11-12 16:01:57,12623
2399830,2025-11-12 17:01:52,13455
2399830,2025-11-12 18:01:49,14559
2399830,2025-11-12 19:01:48,16084
2399830,2025-11-12 20:01:54,17507
2399830,2025-11-12 21:01:15,18618
2399830,2025-11-12 22:01:57,19175
2399830,2025-11-12 23:01:16,19350
2399830,2025-11-13 00:01:12,19433
3551340,2025-11-06 23:01:49,66883
3551340,2025-11-07 00:01:43,68557
3551340,2025-11-07 01:01:36,71620
3551340,2025-11-07 02:01:06,77123
3551340,2025-11-07 03:01:36,81833
3551340,2025-11-07 04:01:31,82750
3551340,2025-11-07 05:01:32,73335
3551340,2025-11-07 06:01:31,57601
3551340,2025-11-07 07:02:35,43579
3551340,2025-11-07 08:00:31,34237
3551340,2025-11-07 09:01:09,29070
3551340,2025-11-07 10:01:34,25898
3551340,2025-11-07 11:01:37,23942
3551340,2025-11-07 12:00:31,23137
3551340,2025-11-07 13:01:33,23234
3551340,2025-11-07 14:01:46,25965
3551340,2025-11-07 15:01:30,31432
3551340,2025-11-07 16:01:42,38245
3551340,2025-11-07 17:01:42,45086
3551340,2025-11-07 18:01:32,50953
3551340,2025-11-07 19:01:05,56052
3551340,2025-11-07 20:01:30,61059
3551340,2025-11-07 21:01:31,66466
3551340,2025-11-07 22:01:42,70185
3551340,2025-11-07 23:01:07,72119
3551340,2025-11-08 00:01:48,72795
3551340,2025-11-08 01:01:32,73162
3551340,2025-11-08 02:01:34,74406
3551340,2025-11-08 03:01:04,78452
3551340,2025-11-08 04:00:55,80672
3551340,2025-11-08 05:01:35,76591
3551340,2025-11-08 06:01:32,65107
3551340,2025-11-08 07:00:51,51785
3551340,2025-11-08 08:01:29,41019
3551340,2025-11-08 09:00:35,34444
3551340,2025-11-08 10:01:36,30893
3551340,2025-11-08 11:02:33,28549
3551340,2025-11-08 12:00:51,27823
3551340,2025-11-08 13:01:00,28822
3551340,2025-11-08 14:01:58,31907
3551340,2025-11-08 15:02:14,38086
3551340,2025-11-08 16:01:35,46051
3551340,2025-11-08 17:01:31,53922
3551340,2025-11-08 18:01:36,61551
3551340,2025-11-08 19:01:30,67077
3551340,2025-11-08 20:01:33,70621
3551340,2025-11-08 21:01:35,74612
3551340,2025-11-08 22:01:32,77169
3551340,2025-11-08 23:00:48,78437
3551340,2025-11-09 00:01:34,77129
3551340,2025-11-09 01:01:40,74683
3551340,2025-11-09 02:00:49,74081
3551340,2025-11-09 03:01:37,75266
3551340,2025-11-09 04:00:51,76762
3551340,2025-11-09 05:01:31,72505
3551340,2025-11-09 06:01:36,62871
3551340,2025-11-09 07:01:39,50862
3551340,2025-11-09 08:01:11,41063
3551340,2025-11-09 09:01:37,34506
3551340,2025-11-09 10:01:34,30843
3551340,2025-11-09 11:01:33,28718
3551340,2025-11-09 12:00:56,28261
3551340,2025-11-09 13:01:40,29113
3551340,2025-11-09 14:01:32,32234
3551340,2025-11-09 15:01:32,38778
3551340,2025-11-09 16:01:30,47725
3551340,2025-11-09 17:01:31,55786
3551340,2025-11-09 18:01:05,63068
3551340,2025-11-09 19:01:39,68565
3551340,2025-11-09 20:01:43,73726
3551340,2025-11-09 21:01:33,77688
3551340,2025-11-09 22:01:34,80942
3551340,2025-11-09 23:00:34,81068
3551340,2025-11-10 00:01:36,78024
3551340,2025-11-10 01:01:39,78304
3551340,2025-11-10 02:01:41,79478
3551340,2025-11-10 03:00:35,82082
3551340,2025-11-10 04:01:37,79854
3551340,2025-11-10 05:01:36,69146
3551340,2025-11-10 06:01:41,54342
3551340,2025-11-10 07:01:24,40586
3551340,2025-11-10 08:01:51,31732
3551340,2025-11-10 09:00:32,26590
3551340,2025-11-10 10:01:35,23788
3551340,2025-11-10 11:01:34,21786
3551340,2025-11-10 12:00:54,20980
3551340,2025-11-10 13:01:39,21016
3551340,2025-11-10 14:01:24,23339
3551340,2025-11-10 15:01:36,27937
3551340,2025-11-10 16:01:32,34231
3551340,2025-11-10 17:00:36,41177
3551340,2025-11-10 18:01:03,46655
3551340,2025-11-10 19:01:42,51461
3551340,2025-11-10 20:01:34,56384
3551340,2025-11-10 21:01:27,60469
3551340,2025-11-10 22:01:39,62618
3551340,2025-11-10 23:01:46,63900
3551340,2025-11-11 00:01:08,66108
3551340,2025-11-11 01:01:43,69722
3551340,2025-11-11 02:01:22,74342
3551340,2025-11-11 03:00:43,79453
3551340,2025-11-11 04:01:38,78921
3551340,2025-11-11 05:01:36,69731
3551340,2025-11-11 06:01:44,54773
3551340,2025-11-11 07:01:25,40916
3551340,2025-11-11 08:01:50,32066
3551340,2025-11-11 09:01:35,27034
3551340,2025-11-11 10:00:48,24044
3551340,2025-11-11 11:00:38,21971
3551340,2025-11-11 12:01:38,21205
3551340,2025-11-11 13:01:34,21483
3551340,2025-11-11 14:01:29,23640
3551340,2025-11-11 15:00:50,28415
3551340,2025-11-11 16:01:35,34886
3551340,2025-11-11 17:01:32,42307
3551340,2025-11-11 18:00:32,47859
3551340,2025-11-11 19:01:25,52686
3551340,2025-11-11 20:01:38,57334
3551340,2025-11-11 21:02:13,61434
3551340,2025-11-11 22:01:42,64039
3551340,2025-11-11 23:01:39,65716
3551340,2025-11-12 00:01:43,67449
3551340,2025-11-12 01:02:29,70170
3551340,2025-11-12 02:01:34,74239
3551340,2025-11-12 03:02:37,79120
3551340,2025-11-12 04:00:33,77502
3551340,2025-11-12 05:00:59,67406
3551340,2025-11-12 06:00:39,51865
3551340,2025-11-12 07:01:02,39189
3551340,2025-11-12 08:00:32,30652
3551340,2025-11-12 09:01:37,26043
3551340,2025-11-12 10:01:47,23400
3551340,2025-11-12 11:01:12,21237
3551340,2025-11-12 12:01:37,20890
3551340,2025-11-12 13:01:31,21152
3551340,2025-11-12 14:01:34,22685
3551340,2025-11-12 15:00:39,26601
3551340,2025-11-12 16:01:41,31194
3551340,2025-11-12 17:01:38,37185
3551340,2025-11-12 18:01:39,42281
3551340,2025-11-12 19:01:35,46579
3551340,2025-11-12 20:01:40,50796
3551340,2025-11-12 21:00:58,54607
3551340,2025-11-12 22:01:42,56953
3551340,2025-11-12 23:01:02,58375
3551340,2025-11-13 00:00:58,60487
252490,2025-11-06 23:01:48,86063
252490,2025-11-07 00:01:42,91752
252490,2025-11-07 01:01:35,94405
252490,2025-11-07 02:01:05,87875
252490,2025-11-07 03:01:35,174519
252490,2025-11-07 04:01:30,170847
252490,2025-11-07 05:01:31,153700
252490,2025-11-07 06:01:30,135906
252490,2025-11-07 07:02:34,121809
252490,2025-11-07 08:00:30,110872
252490,2025-11-07 09:01:07,102776
252490,2025-11-07 10:01:32,95155
252490,2025-11-07 11:01:36,88171
252490,2025-11-07 12:00:29,83042
252490,2025-11-07 13:01:32,80359
252490,2025-11-07 14:01:45,81989
252490,2025-11-07 15:01:29,85570
252490,2025-11-07 16:01:40,91744
252490,2025-11-07 17:01:40,101140
252490,2025-11-07 18:01:29,116081
252490,2025-11-07 19:01:01,130344
252490,2025-11-07 20:01:27,143823
252490,2025-11-07 21:01:29,149374
252490,2025-11-07 22:01:39,160041
252490,2025-11-07 23:01:04,169940
252490,2025-11-08 00:01:46,176862
252490,2025-11-08 01:01:29,180834
252490,2025-11-08 02:01:31,180694
252490,2025-11-08 03:01:01,175783
252490,2025-11-08 04:00:52,166427
252490,2025-11-08 05:01:32,152885
252490,2025-11-08 06:01:30,137900
252490,2025-11-08 07:00:49,123012
252490,2025-11-08 08:01:27,111187
252490,2025-11-08 09:00:33,103319
252490,2025-11-08 10:01:33,101321
252490,2025-11-08 11:02:31,98201
252490,2025-11-08 12:00:48,96286
252490,2025-11-08 13:00:58,97451
252490,2025-11-08 14:01:56,101293
252490,2025-11-08 15:02:11,110441
252490,2025-11-08 16:01:33,120619
252490,2025-11-08 17:01:29,133393
252490,2025-11-08 18:01:33,144748
252490,2025-11-08 19:01:27,154087
252490,2025-11-08 20:01:29,161794
252490,2025-11-08 21:01:31,167483
252490,2025-11-08 22:01:29,173770
252490,2025-11-08 23:00:45,178942
252490,2025-11-09 00:01:31,182659
252490,2025-11-09 01:01:37,184595
252490,2025-11-09 02:00:45,183887
252490,2025-11-09 03:01:34,179112
252490,2025-11-09 04:00:48,170527
252490,2025-11-09 05:01:28,157384
252490,2025-11-09 06:01:32,141986
252490,2025-11-09 07:01:36,126909
252490,2025-11-09 08:00:10,114336
252490,2025-11-09 09:01:33,105946
252490,2025-11-09 10:01:30,100031
252490,2025-11-09 11:01:30,96744
252490,2025-11-09 12:00:53,94926
252490,2025-11-09 13:01:38,95245
252490,2025-11-09 14:01:30,98987
252490,2025-11-09 15:01:30,107076
252490,2025-11-09 16:01:28,116976
252490,2025-11-09 17:01:28,129268
252490,2025-11-09 18:01:01,140503
252490,2025-11-09 19:01:36,148884
252490,2025-11-09 20:01:40,155489
252490,2025-11-09 21:01:30,161242
252490,2025-11-09 22:01:31,163894
252490,2025-11-09 23:00:31,166312
252490,2025-11-10 00:01:33,166153
252490,2025-11-10 01:01:37,164278
252490,2025-11-10 02:01:38,159016
252490,2025-11-10 03:00:32,148398
252490,2025-11-10 04:01:34,131178
252490,2025-11-10 05:01:33,115036
252490,2025-11-10 06:01:38,102073
252490,2025-11-10 07:01:21,92130
252490,2025-11-10 08:01:49,84562
252490,2025-11-10 09:00:29,78056
252490,2025-11-10 10:01:32,69637
252490,2025-11-10 11:01:32,65123
252490,2025-11-10 12:00:52,61935
252490,2025-11-10 13:01:38,59900
252490,2025-11-10 14:01:23,59625
252490,2025-11-10 15:01:35,66346
252490,2025-11-10 16:01:30,70280
252490,2025-11-10 17:00:33,76373
252490,2025-11-10 18:00:59,86117
252490,2025-11-10 19:01:39,95955
252490,2025-11-10 20:01:31,106847
252490,2025-11-10 21:01:25,117290
252490,2025-11-10 22:01:37,127883
252490,2025-11-10 23:01:44,136057
252490,2025-11-11 00:01:05,140981
252490,2025-11-11 01:01:40,142600
252490,2025-11-11 02:01:20,138682
252490,2025-11-11 03:00:41,130751
252490,2025-11-11 04:01:36,119163
252490,2025-11-11 05:01:34,107552
252490,2025-11-11 06:01:42,98416
252490,2025-11-11 07:01:23,87414
252490,2025-11-11 08:01:48,81914
252490,2025-11-11 09:01:33,77025
252490,2025-11-11 10:00:46,71993
252490,2025-11-11 11:00:36,69298
252490,2025-11-11 12:01:37,67625
252490,2025-11-11 13:01:33,66877
252490,2025-11-11 14:01:28,66793
252490,2025-11-11 15:00:49,68933
252490,2025-11-11 16:01:34,72987
252490,2025-11-11 17:01:30,77194
252490,2025-11-11 18:00:30,85262
252490,2025-11-11 19:01:23,94471
252490,2025-11-11 20:01:36,104001
252490,2025-11-11 21:02:11,114585
252490,2025-11-11 22:01:39,122366
252490,2025-11-11 23:01:36,130109
252490,2025-11-12 00:01:41,135231
252490,2025-11-12 01:02:27,137126
252490,2025-11-12 02:01:31,133804
252490,2025-11-12 03:02:35,124846
252490,2025-11-12 04:00:31,112041
252490,2025-11-12 05:00:57,98908
252490,2025-11-12 06:00:37,89001
252490,2025-11-12 07:01:00,80616
252490,2025-11-12 08:00:30,76168
252490,2025-11-12 09:01:35,71748
252490,2025-11-12 10:01:45,67619
252490,2025-11-12 11:01:10,62697
252490,2025-11-12 12:01:35,60050
252490,2025-11-12 13:01:30,58082
252490,2025-11-12 14:01:33,57538
252490,2025-11-12 15:00:38,61172
252490,2025-11-12 16:01:40,65123
252490,2025-11-12 17:01:37,70405
252490,2025-11-12 18:01:35,77196
252490,2025-11-12 19:01:32,85822
252490,2025-11-12 20:01:38,95244
252490,2025-11-12 21:00:55,103704
252490,2025-11-12 22:01:39,109875
252490,2025-11-12 23:00:59,116595
252490,2025-11-13 00:00:55,120581
